SROM fields,,,,,BCM94366MCH5E_1 Rev 01,,,
Byte Offset,,Word Offset,,Description,Value,Explanation,,
Dec,Hex,Dec,Hex,,Hex,,,
0,0,0,0,"3:0 Enable function bits 
10:4 Unused 
11 Power Budget Availability (pwr_budget_cap(0)) 
15:12 Translate 3rd/7th 4k entry in Bar0 space",0x3801,,,
2,2,1,1,"7:0 Powwer for each D state
11:8 Unused
12 Hot Reset Enable
13 link_cap.aspm_optionality
15:14 Unused",0x3000,,,
4,4,2,2,PCI subsystem ID,0x07f0,BCM94366MCH5E,,
6,6,3,3,PCI subsystem vendor ID,0x14E4,Broadcom,,
8,8,4,4,ASPM,0x0218,,,
10,A,5,5,L0/L1 Latency,0x1B7E,,,
12,C,6,6,PCIe Port Number,0x0A00,,,
14,E,7,7,PowerBudget0,0x2BC4,,,
16,10,8,8,PowerBudget1,0x2A64,,,
18,12,9,9,PowerBudget2,0x2964,,,
20,14,10,A,PowerBudget3,0x2C64,,,
22,16,11,B,PowerBudget4,0x3CE7,,,
24,18,12,C,"7:0 Clkreq control
15:8 Pointer to Device Serial Number",0x480A,DSN location = 0x48,,
26,1A,13,D,"LTR Message, gen2Enable",0x113C,advertise Gen2,,
28,1C,14,E,"LTR Message, MPS",0x2132,,,
30,1E,15,F,"LTR Message, CommonClock override",0x3164,,,
32,20,16,10,Power budgets for different power mgmt states (sel=1),0x1852,,,
34,22,17,11,Power budgets for different power mgmt states (sel=2),0x0005,,,
36,24,18,12,MDIO,0x1F2E,,,
38,26,19,13,MDIOAddr (2 and 3),0x4DF7,,,
40,28,20,14,MDIOData (0),0x8080,,,
42,2A,21,15,MDIOData (1),0x000B,,,
44,2C,22,16,MDIOData (2),0x8630,,,
46,2E,23,17,MDIOData (3),0x0190,,,
48,30,24,18,MDIOAddr (5)(1:0),0x5F00,,,
50,32,25,19,"MDIOAddr (5)(3:0), MDIOAddr (6 and 7)",0x41F6,,,
52,34,26,1A,MDIOData (4),0x8630,,,
54,36,27,1B,MDIOData (5),0x0191,,,
56,38,28,1C,MDIOData (6),0x8300,,,
58,3A,29,1D,MDIOData (7),0x01EB,,,
60,3C,30,1E,"MDIOAddr(8), MDIOAddr(9)(1:0)",0x9F01,,,
62,3E,31,1F,"MDIOAddr(9)(5:2), MDIOAddr(10 and 11)",0x65F5,,,
64,40,32,20,MDIOData (8),0x8200,,,
66,42,33,21,MDIOData (9),0xD800,,,
68,44,34,22,MDIOData (10),0x8010,,,
70,46,35,23,MDIOData (11),0x007C,,,
72,48,36,24,"MDIOAddr (12), MDIOAddr(13)(1:0)",0x1F00,,,
74,4A,37,25,"MDIOAddr (13)(5:2), MDIOAddr(14)",0x0004,,,
76,4C,38,26,MDIOData (12),0x8000,,,
78,4E,39,27,MDIOData (13),0x200C,,,
80,50,40,28,MDIOData (14),0x0000,,,
82,52,41,29,MDIOData (15),0x0000,,,
84,54,42,2A,Spare address 0 to program COE pvt registers,0x0000,,,
86,56,43,2B,Spare Data 0 to program COE pvt registers,0x0000,,,
88,58,44,2C,Spare address 1 to program COE pvt registers,0x0000,,,
90,5A,45,2D,Spare Data 1 to program COE pvt registers,0x0000,,,
92,5C,46,2E,Spare address 2 to program COE pvt registers,0x0000,,,
94,5E,47,2F,Spare Data 2 to program COE pvt registers,0x0000,,,
96,60,48,30,PCI device ID,0x43C5,BCM4366 5G only ID,,
98,62,49,31,PCI Class Code bits 15:0,0x8000,,,
100,64,50,32,"7:0 Class code in cfg (23:16)
8: BAR1 prefect disable
15:9 Power for each D0 state",0x0002,,,
102,66,51,33,Power for D states,0x0000,,,
104,68,52,34,"0 BAR1 Enabled 
3:1 BAR1 Size 
4 Power Management Enable 
10:5 Report PME bits 
11 Clock PME enabled
15:12 BAR0 backplane adddres translation",0x3FF7,,,
106,6A,53,35,BAR0 backplane adddres translation,0x1800,,,
108,6C,54,36,BAR2 enable and size,0x0005,,,
110,6E,55,37,reserved,0xFFFF,,,
112,70,56,38,PCI device ID,0xFFFF,,,
114,72,57,39,PCI Class Code bits 23:8,0xFFFF,,,
116,74,58,3A,"PCI Class Code bits 31:24 
Power in D states",0xFFFF,,,
118,76,59,3B,"Power for D1, D2, D3 states",0xFFFF,,,
120,78,60,3C,BAR1 Control,0xFFFF,,,
122,7A,61,3D,BAR0 backplane address translation,0xFFFF,,,
124,7C,62,3E,BAR2 enable and size,0xFFFF,,,
126,7E,63,3F,reserved,0xFFFF,,,
128,80,64,40,Srom Signature,0x4D55,Srom Rev 13,,
130,82,65,41,Board Rev,0x1101,Board rev P101,,
132,84,66,42,boardflags bits 15:0,0x1000,bit12 : extlna_2g,,
134,86,67,43,(boardflags) bits 31:16,0x1000,bit24 : extlna_5g,,
136,88,68,44,boardflags2 bits 47:32,0x0004,,,
138,8A,69,45,(boardflags2) 63:48,0x0000,,,
140,8C,70,46,boardflags3 bits 79:64,0x0000,,,
142,8E,71,47,(boardflags3) 95:80,0x0000,,,
144,90,72,48,macaddr,0x0090,machi,,
146,92,73,49,(macaddr),0x4C25,macmid,,
148,94,74,4A,(macaddr),0x9XXX,maclo,,
150,96,75,4B,ccode,0x0000,CountryCode,,
152,98,76,4C,regrev,0x0000,Regulatory revision,,
154,9A,77,4D,"ledbh0, ledbh1",0xFFFF,LED behavior,,
156,9C,78,4E,"ledbh2, ledbh3",0xFFFF,LED behavior,,
158,9E,79,4F,leddc,0xFFFF,Default led duty cycle,,
160,A0,80,50,aa5g/aa2g,0x0F0F,4 antennas for both 2.4G and 5G,,
162,A2,81,51,antgain_bandbg[core_01],0x0202,"5.5dB both cores (8bit per core, bit 5:0: whole number in dB, bit 7:6: 1/4dB)",,
164,A4,82,52,"antgain_bandbg[core_2], antgain_banda[core_0]",0x0202,"5.5dB g-band, 7.25dB a-band (8bit per core, bit 5:0: whole number in dB, bit 7:6: 1/4dB)",,
166,A6,83,53,antgain_banda[core_12],0x0202,"7.25dB both cores (8bit per core, bit 5:0: whole number in dB, bit 7:6: 1/4dB)",,
168,A8,84,54,"0:3 txchain bitmap
4:7 rxchain bitmap
8:15 ant switch type",0x00FF,4 cores active for tx and rx,,
170,AA,85,55,fem_cfg1,0x1021,"15:11 femctrl,10 papd_cap_2g,9 2_range_tssi_2g,8:4 pd_gain_2g, 3:1 epa_gain_2g, 0 tssi_posslope_2g",,
172,AC,86,56,fem_cfg2,0x0021,"15:11 gainctrl_sph,10 papd_cap_5g,9 2_rg_tssi_5g,8:4 pd_gain_5g, 3:1 epa_gain_5g, 0 tssi_posslope_5g",,
174,AE,87,57,Upper 2 nibb: temp. thres. Lower: temps. sens. offset,0x78FF,max. die temp. = 120C,,
176,B0,88,58,"0:9 raw tempsense
15:9 measured power",0xFFFF,,,
178,B2,89,59,"0:7 tempsense slope
8:9 tempsense option
10:15 tempcorrs",0xFFFF,,,
180,B4,90,5A,xtalfreq,0xFFFF,Xtal frequency in KHz,,
182,B6,91,5B,reserved,0xFFFF,,,
184,B8,92,5C,"Temp_hyst, temps_perios, phycal_tempdelta",0x5A28,5C thermal hysteresis. 1s polling interval,,
186,BA,93,5D,"measpower1, measpower2",0x7F7F,"6:0: Measpower1, 13:7: Measpower2. meas. Tx power CH7&13 in MFGc.",,
188,BC,94,5E,pdoffset20in40m2g,0xFFFF,"20in40 MHz PD offset: 2G subband, A2 (bits 10:14), A1 (bits 5:9), A0 (bits 0:4) (1/4 dB steps per antenna)",,
190,BE,95,5F,pdoffset20in40m2gcore3,0xFFFF,"Reserved (bits 10:15), 2G cck 20 MHz PD offset A3 (bits 5:9), 20in40 MHz PD offset A3 (bits 0:4) 
(1/4 dB steps per antenna)",,
192,C0,96,60,sb20in40hrlrpox,0x0000,"20in40 OFDM sign. pwr off. w.r.t. 20in20 for 16 QAM & below.
LSB nib to MSB nib: 5Glrx1, 5Glrx2, 5Ghrx1, 5Ghrx2",,
194,C2,97,61,rxgains1core3,0xFFFF,"upper 8 bits 5G b2, lower 8 bits 5G b1; definition û tr_elnabypass[7], tr_iso[6:3], elna_gain[2:0]",,
196,C4,98,62,pdoffset20in40m5gcore3,0x77BD,"20in40 MHz PD offset: band2 (bits 10:14), band1 (bits 5:9), band0 (bits 0:4)",,
198,C6,99,63,(pdoffset20in40m5gcore3),0x03BD,"20in40 MHz PD offset: reserved (bits 10:15), band4 (bits 5:9), band3 (bits 0:4)",,
200,C8,100,64,antgain_bandbga[core_3],0x0202,"5dB g-band, 5.5dB a-band (8bit per core, bit 5:0: whole number in dB, bit 7:6: 1/4dB), msb: bg, lsb: a",,
202,CA,101,65,rpcal2gcore3,0x0000,"upper 8 bits rsvd, lower 8 bits 2g rpcal core3",,
204,CC,102,66,rpcal5gb01core3,0x0000,"upper 8 bits 5G b1 rpcal core3, lower 8 bits 5G b0 rpcal core3",,
206,CE,103,67,rpcal5gb23core3,0x0000,"upper 8 bits 5G b3 rpcal core3, lower 8 bits 5G b2 rpcal core2",,
208,D0,104,68,reserved,0xFFFF,,,
210,D2,105,69,pdoffset40in80m5gcore3,0x0422,"40in80 MHz PD offset: band2 (bits 10:14), band1 (bits 5:9), band0 (bits 0:4)",,
212,D4,106,6A,(pdoffset40in80m5gcore3),0x0041,"40in80 MHz PD offset: reserved (bits 10:15), band4 (bits 5:9), band3 (bits 0:4)",,
214,D6,107,6B,subband5gver,0x0005,number of subbands used in 5G band,,
216,D8,108,6C,mcs1024qam2gpo,0x0000,"2G 11ac, 40MHz mcs11/10, 20MHz mcs11/10, LSB nib:20MHz mcs10, MSB nib: 40MHz mcs11",,
218,DA,109,6D,mcs1024qam5glpo,0xDCDC,"5G 11ac, 160MHz mcs11/10, 80MHz mcs11/10, 40MHz mcs11/10, 20MHz mcs11/10, LSB nib:20MHz mcs10, MSB nib: 160MHz mcs11",,
220,DC,110,6E,(mcs1024qam5glpo),0xDCDC,,,
222,DE,111,6F,mcs1024qam5gmpo,0xDCDC,"5G 11ac, 160MHz mcs11/10, 80MHz mcs11/10, 40MHz mcs11/10, 20MHz mcs11/10, LSB nib:20MHz mcs10, MSB nib: 160MHz mcs11",,
224,E0,112,70,(mcs1024qam5gmpo),0xDCDC,,,
226,E2,113,71,mcs1024qam5ghpo,0xFFFF,"5G 11ac, 160MHz mcs11/10, 80MHz mcs11/10, 40MHz mcs11/10, 20MHz mcs11/10, LSB nib:20MHz mcs10, MSB nib: 160MHz mcs11",,
228,E4,114,72,(mcs1024qam5ghpo),0xFFFF,,,
230,E6,115,73,mcs1024qam5gx1po,0xECEC,"5G 11ac, 160MHz mcs11/10, 80MHz mcs11/10, 40MHz mcs11/10, 20MHz mcs11/10, LSB nib:20MHz mcs10, MSB nib: 160MHz mcs12",,
232,E8,116,74,(mcs1024qam5gx1po),0xECEC,,,
234,EA,117,75,mcs1024qam5gx2po,0xECEC,"5G 11ac, 160MHz mcs11/10, 80MHz mcs11/10, 40MHz mcs11/10, 20MHz mcs11/10, LSB nib:20MHz mcs10, MSB nib: 160MHz mcs13",,
236,EC,118,76,(mcs1024qam5gx2po),0xECEC,,,
238,EE,119,77,mcsbw1605glpo,0x4200,"5G low sb (chan 50o), 11ag/11n/11ac mcs 0/1/2/, 3-7, 11ac mcs 8, 11ac mcs 9 160MHz. LSB nib: m0/1/2, MSB nib: c9",,
240,F0,120,78,(mcsbw1605glpo),0xBA86,,,
242,F2,121,79,mcsbw1605gmpo,0x4200,"5G mid sb (reserved), 11ag/11n/11ac mcs 0/1/2/, 3-7, 11ac mcs 8, 11ac mcs 9 160MHz. LSB nib: m0/1/2, MSB nib: c9",,
244,F4,122,7A,(mcsbw1605gmpo),0xBA86,,,
246,F6,123,7B,mcsbw1605ghpo,0x2000,"5G high sb (chan 114o), 11ag/11n/11ac mcs 0/1/2/, 3-7, 11ac mcs 8, 11ac mcs 9 160MHz. LSB nib: m0/1/2, MSB nib: c9",,
248,F8,124,7C,(mcsbw1605ghpo),0xC865,,,
250,FA,125,7D,mcsbw1605gx1po,0x2000,"5G high sb (reserved), 11ag/11n/11ac mcs 0/1/2/, 3-7, 11ac mcs 8, 11ac mcs 9 160MHz. LSB nib: m0/1/2, MSB nib: c10",,
252,FC,126,7E,(mcsbw1605gx1po),0xC865,,,
254,FE,127,7F,mcsbw1605gx2po,0x2000,"5G high sb (reserved), 11ag/11n/11ac mcs 0/1/2/, 3-7, 11ac mcs 8, 11ac mcs 9 160MHz. LSB nib: m0/1/2, MSB nib: c11",,
256,100,128,80,(mcsbw1605gx2po),0xC865,,,
258,102,129,81,ulbpproffs5gb0,0xFFFF,"bit 15: reserved, bw2.5 (bits 14:10), bw5 (bits 9:5), bw10 (bits 4:0) (1/4 dB steps)",,
260,104,130,82,ulbpproffs5gb1,0xFFFF,"bit 15: reserved, bw2.5 (bits 14:10), bw5 (bits 9:5), bw10 (bits 4:0) (1/4 dB steps)",,
262,106,131,83,ulbpproffs5gb2,0xFFFF,"bit 15: reserved, bw2.5 (bits 14:10), bw5 (bits 9:5), bw10 (bits 4:0) (1/4 dB steps)",,
264,108,132,84,ulbpproffs5gb3,0xFFFF,"bit 15: reserved, bw2.5 (bits 14:10), bw5 (bits 9:5), bw10 (bits 4:0) (1/4 dB steps)",,
266,10A,133,85,ulbpproffs5gb4,0xFFFF,"bit 15: reserved, bw2.5 (bits 14:10), bw5 (bits 9:5), bw10 (bits 4:0) (1/4 dB steps)",,
268,10C,134,86,ulbpproffs2g,0xFFFF,"bit 15: reserved, bw2.5 (bits 14:10), bw5 (bits 9:5), bw10 (bits 4:0) (1/4 dB steps)",,
270,10E,135,87,"mcs8poexp
mcs8poexp::bit0
mcs8poexp::bit1
mcs8poexp::bit2
mcs8poexp::bit3
mcs8poexp::bit4
mcs8poexp::bit5
mcs8poexp::bit6
mcs8poexp::bit7
mcs8poexp::bit8
mcs8poexp::bit9
mcs8poexp::bit10
mcs8poexp::bit11
mcs8poexp::bit12
mcs8poexp::bit13
mcs8poexp::bit14
mcs8poexp::bit15",0x0000,"ppr bit expansion for mcs8
20Mhz-mcs8-2G
20Mhz-mcs8-5G-Low
20Mhz-mcs8-5G-Mid
20Mhz-mcs8-5G-Hi
20Mhz-mcs8-5G-X1
20Mhz-mcs8-5G-X2
rsvd
rsvd
40Mhz-mcs8-2G
40Mhz-mcs8-5G-Low
40Mhz-mcs8-5G-Mid
40Mhz-mcs8-5G-Hi
40Mhz-mcs8-5G-X1
40Mhz-mcs8-5G-X2
rsvd
rsvd
",,
272,110,136,88,"(mcs8poexp)
mcs8poexp::bit16
mcs8poexp::bit17
mcs8poexp::bit18
mcs8poexp::bit19
mcs8poexp::bit20
mcs8poexp::bit21
mcs8poexp::bit22
mcs8poexp::bit23
mcs8poexp::bit24
mcs8poexp::bit25
mcs8poexp::bit26
mcs8poexp::bit27
mcs8poexp::bit28
mcs8poexp::bit29
mcs8poexp::bit30
mcs8poexp::bit31",0x0000,"ppr bit expansion for mcs8
rsvd
80Mhz-mcs8-5G-Low
80Mhz-mcs8-5G-Mid
80Mhz-mcs8-5G-Hi
80Mhz-mcs8-5G-X1
80Mhz-mcs8-5G-X2
rsvd
rsvd
rsvd
160Mhz-mcs8-5G-Low
160Mhz-mcs8-5G-Mid
160Mhz-mcs8-5G-Hi
160Mhz-mcs8-5G-X1
160Mhz-mcs8-5G-X2
rsvd
rsvd",,
274,112,137,89,"mcs9poexp
mcs9poexp::bit0
mcs9poexp::bit1
mcs9poexp::bit2
mcs9poexp::bit3
mcs9poexp::bit4
mcs9poexp::bit5
mcs9poexp::bit6
mcs9poexp::bit7
mcs9poexp::bit8
mcs9poexp::bit9
mcs9poexp::bit10
mcs9poexp::bit11
mcs9poexp::bit12
mcs9poexp::bit13
mcs9poexp::bit14
mcs9poexp::bit15",0x0000,"ppr bit expansion for mcs9
20Mhz-mcs9-2G
20Mhz-mcs9-5G-Low
20Mhz-mcs9-5G-Mid
20Mhz-mcs9-5G-Hi
20Mhz-mcs9-5G-X1
20Mhz-mcs9-5G-X2
rsvd
rsvd
40Mhz-mcs9-2G
40Mhz-mcs9-5G-Low
40Mhz-mcs9-5G-Mid
40Mhz-mcs9-5G-Hi
40Mhz-mcs9-5G-X1
40Mhz-mcs9-5G-X2
rsvd
rsvd",,
276,114,138,8A,"(mcs9poexp)
mcs9poexp::bit16
mcs9poexp::bit17
mcs9poexp::bit18
mcs9poexp::bit19
mcs9poexp::bit20
mcs9poexp::bit21
mcs9poexp::bit22
mcs9poexp::bit23
mcs9poexp::bit24
mcs9poexp::bit25
mcs9poexp::bit26
mcs9poexp::bit27
mcs9poexp::bit28
mcs9poexp::bit29
mcs9poexp::bit30
mcs9poexp::bit31",0x0000,"ppr bit expansion for mcs9 (cont.)
rsvd
80Mhz-mcs9-5G-Low
80Mhz-mcs9-5G-Mid
80Mhz-mcs9-5G-Hi
80Mhz-mcs9-5G-X1
80Mhz-mcs9-5G-X2
rsvd
rsvd
rsvd
160Mhz-mcs9-5G-Low
160Mhz-mcs9-5G-Mid
160Mhz-mcs9-5G-Hi
160Mhz-mcs9-5G-X1
160Mhz-mcs9-5G-X2
rsvd
rsvd",,
278,116,139,8B,"mcs10poexp
mcs10poexp::bit0
mcs10poexp::bit1
mcs10poexp::bit2
mcs10poexp::bit3
mcs10poexp::bit4
mcs10poexp::bit5
mcs10poexp::bit6
mcs10poexp::bit7
mcs10poexp::bit8
mcs10poexp::bit9
mcs10poexp::bit10
mcs10poexp::bit11
mcs10poexp::bit12
mcs10poexp::bit13
mcs10poexp::bit14
mcs10poexp::bit15",0x0000,"ppr bit expansion for mcs10
20Mhz-mcs10-2G
20Mhz-mcs10-5G-Low
20Mhz-mcs10-5G-Mid
20Mhz-mcs10-5G-Hi
20Mhz-mcs10-5G-X1
20Mhz-mcs10-5G-X2
rsvd
rsvd
40Mhz-mcs10-2G
40Mhz-mcs10-5G-Low
40Mhz-mcs10-5G-Mid
40Mhz-mcs10-5G-Hi
40Mhz-mcs10-5G-X1
40Mhz-mcs10-5G-X2
rsvd
rsvd",,
280,118,140,8C,"(mcs10poexp)
mcs10poexp::bit16
mcs10poexp::bit17
mcs10poexp::bit18
mcs10poexp::bit19
mcs10poexp::bit20
mcs10poexp::bit21
mcs10poexp::bit22
mcs10poexp::bit23
mcs10poexp::bit24
mcs10poexp::bit25
mcs10poexp::bit26
mcs10poexp::bit27
mcs10poexp::bit28
mcs10poexp::bit29
mcs10poexp::bit30
mcs10poexp::bit31",0x0000,"ppr bit expansion for mcs10 (cont.)
rsvd
80Mhz-mcs10-5G-Low
80Mhz-mcs10-5G-Mid
80Mhz-mcs10-5G-Hi
80Mhz-mcs10-5G-X1
80Mhz-mcs10-5G-X2
rsvd
rsvd
rsvd
160Mhz-mcs10-5G-Low
160Mhz-mcs10-5G-Mid
160Mhz-mcs10-5G-Hi
160Mhz-mcs10-5G-X1
160Mhz-mcs10-5G-X2
rsvd
rsvd",,
282,11A,141,8D,"mcs11poexp
mcs11poexp::bit0
mcs11poexp::bit1
mcs11poexp::bit2
mcs11poexp::bit3
mcs11poexp::bit4
mcs11poexp::bit5
mcs11poexp::bit6
mcs11poexp::bit7
mcs11poexp::bit8
mcs11poexp::bit9
mcs11poexp::bit10
mcs11poexp::bit11
mcs11poexp::bit12
mcs11poexp::bit13
mcs11poexp::bit14
mcs11poexp::bit15",0x0000,"ppr bit expansion for mcs11
20Mhz-mcs11-2G
20Mhz-mcs11-5G-Low
20Mhz-mcs11-5G-Mid
20Mhz-mcs11-5G-Hi
20Mhz-mcs11-5G-X1
20Mhz-mcs11-5G-X2
rsvd
rsvd
40Mhz-mcs11-2G
40Mhz-mcs11-5G-Low
40Mhz-mcs11-5G-Mid
40Mhz-mcs11-5G-Hi
40Mhz-mcs11-5G-X1
40Mhz-mcs11-5G-X2
rsvd
rsvd",,
284,11C,142,8E,"(mcs11poexp)
mcs11poexp::bit16
mcs11poexp::bit17
mcs11poexp::bit18
mcs11poexp::bit19
mcs11poexp::bit20
mcs11poexp::bit21
mcs11poexp::bit22
mcs11poexp::bit23
mcs11poexp::bit24
mcs11poexp::bit25
mcs11poexp::bit26
mcs11poexp::bit27
mcs11poexp::bit28
mcs11poexp::bit29
mcs11poexp::bit30
mcs11poexp::bit31",0x0000,"ppr bit expansion for mcs11 (cont.)
rsvd
80Mhz-mcs11-5G-Low
80Mhz-mcs11-5G-Mid
80Mhz-mcs11-5G-Hi
80Mhz-mcs11-5G-X1
80Mhz-mcs11-5G-X2
rsvd
rsvd
rsvd
160Mhz-mcs11-5G-Low
160Mhz-mcs11-5G-Mid
160Mhz-mcs11-5G-Hi
160Mhz-mcs11-5G-X1
160Mhz-mcs11-5G-X2
rsvd
rsvd",,
286,11E,143,8F,ulbpdoffs5gb0a0,0xFFFF,"Band 0: bit 15: reserved, bw2.5 (bits 14:10), bw5 (bits 9:5), bw10 (bits 4:0) (1/4 dB steps)",,
288,120,144,90,ulbpdoffs5gb0a1,0xFFFF,"Band 0: bit 15: reserved, bw2.5 (bits 14:10), bw5 (bits 9:5), bw10 (bits 4:0) (1/4 dB steps)",,
290,122,145,91,ulbpdoffs5gb0a2,0xFFFF,"Band 0: bit 15: reserved, bw2.5 (bits 14:10), bw5 (bits 9:5), bw10 (bits 4:0) (1/4 dB steps)",,
292,124,146,92,ulbpdoffs5gb0a3,0xFFFF,"Band 0: bit 15: reserved, bw2.5 (bits 14:10), bw5 (bits 9:5), bw10 (bits 4:0) (1/4 dB steps)",,
294,126,147,93,ulbpdoffs5gb1a0,0xFFFF,"Band 0: bit 15: reserved, bw2.5 (bits 14:10), bw5 (bits 9:5), bw10 (bits 4:0) (1/4 dB steps)",,
296,128,148,94,ulbpdoffs5gb1a1,0xFFFF,"Band 0: bit 15: reserved, bw2.5 (bits 14:10), bw5 (bits 9:5), bw10 (bits 4:0) (1/4 dB steps)",,
298,12A,149,95,ulbpdoffs5gb1a2,0xFFFF,"Band 0: bit 15: reserved, bw2.5 (bits 14:10), bw5 (bits 9:5), bw10 (bits 4:0) (1/4 dB steps)",,
300,12C,150,96,ulbpdoffs5gb1a3,0xFFFF,"Band 0: bit 15: reserved, bw2.5 (bits 14:10), bw5 (bits 9:5), bw10 (bits 4:0) (1/4 dB steps)",,
302,12E,151,97,ulbpdoffs5gb2a0,0xFFFF,"Band 0: bit 15: reserved, bw2.5 (bits 14:10), bw5 (bits 9:5), bw10 (bits 4:0) (1/4 dB steps)",,
304,130,152,98,ulbpdoffs5gb2a1,0xFFFF,"Band 0: bit 15: reserved, bw2.5 (bits 14:10), bw5 (bits 9:5), bw10 (bits 4:0) (1/4 dB steps)",,
306,132,153,99,ulbpdoffs5gb2a2,0xFFFF,"Band 0: bit 15: reserved, bw2.5 (bits 14:10), bw5 (bits 9:5), bw10 (bits 4:0) (1/4 dB steps)",,
308,134,154,9A,ulbpdoffs5gb2a3,0xFFFF,"Band 0: bit 15: reserved, bw2.5 (bits 14:10), bw5 (bits 9:5), bw10 (bits 4:0) (1/4 dB steps)",,
310,136,155,9B,ulbpdoffs5gb3a0,0xFFFF,"Band 0: bit 15: reserved, bw2.5 (bits 14:10), bw5 (bits 9:5), bw10 (bits 4:0) (1/4 dB steps)",,
312,138,156,9C,ulbpdoffs5gb3a1,0xFFFF,"Band 0: bit 15: reserved, bw2.5 (bits 14:10), bw5 (bits 9:5), bw10 (bits 4:0) (1/4 dB steps)",,
314,13A,157,9D,ulbpdoffs5gb3a2,0xFFFF,"Band 0: bit 15: reserved, bw2.5 (bits 14:10), bw5 (bits 9:5), bw10 (bits 4:0) (1/4 dB steps)",,
316,13C,158,9E,ulbpdoffs5gb3a3,0xFFFF,"Band 0: bit 15: reserved, bw2.5 (bits 14:10), bw5 (bits 9:5), bw10 (bits 4:0) (1/4 dB steps)",,
318,13E,159,9F,ulbpdoffs5gb4a0,0xFFFF,"Band 0: bit 15: reserved, bw2.5 (bits 14:10), bw5 (bits 9:5), bw10 (bits 4:0) (1/4 dB steps)",,
320,140,160,A0,ulbpdoffs5gb4a1,0xFFFF,"Band 0: bit 15: reserved, bw2.5 (bits 14:10), bw5 (bits 9:5), bw10 (bits 4:0) (1/4 dB steps)",,
322,142,161,A1,ulbpdoffs5gb4a2,0xFFFF,"Band 0: bit 15: reserved, bw2.5 (bits 14:10), bw5 (bits 9:5), bw10 (bits 4:0) (1/4 dB steps)",,
324,144,162,A2,ulbpdoffs5gb4a3,0xFFFF,"Band 0: bit 15: reserved, bw2.5 (bits 14:10), bw5 (bits 9:5), bw10 (bits 4:0) (1/4 dB steps)",,
326,146,163,A3,ulbpdoffs2ga0,0xFFFF,"2G: bit 15: reserved, bw2.5 (bits 14:10), bw5 (bits 9:5), bw10 (bits 4:0) (1/4 dB steps)",,
328,148,164,A4,ulbpdoffs2ga1,0xFFFF,"2G: bit 15: reserved, bw2.5 (bits 14:10), bw5 (bits 9:5), bw10 (bits 4:0) (1/4 dB steps)",,
330,14A,165,A5,ulbpdoffs2ga2,0xFFFF,"2G: bit 15: reserved, bw2.5 (bits 14:10), bw5 (bits 9:5), bw10 (bits 4:0) (1/4 dB steps)",,
332,14C,166,A6,ulbpdoffs2ga3,0xFFFF,"2G: bit 15: reserved, bw2.5 (bits 14:10), bw5 (bits 9:5), bw10 (bits 4:0) (1/4 dB steps)",,
334,14E,167,A7,reserved,0xFFFF,,,
336,150,168,A8,cckbw202gpo,0x0000,"2G CCK Power offsets for 20 MHz rates (11, 5.5, 2, 1Mbps)",,
338,152,169,A9,cckbw20ul2gpo,0x0000,"2G CCK Power offsets for 20 U/L rates (11, 5.5, 2, 1 Mbps)",,
340,154,170,AA,mcsbw202gpo,0x0000,"2G: 11n/11ac mcs 0/1/2, 3-7, 11ac mcs 8, 11ac mcs 9 20MHz. LSB nib: m0/m1/m2, MSB nib: c9.",,
342,156,171,AB,(mcsbw202gpo),0x0000,,,
344,158,172,AC,mcsbw402gpo,0x0000,"2G: 11n/11ac mcs 0/1/2, 3-7, 11ac mcs 8, 11ac mcs 9 40MHz. LSB nib: m0/m1/m2, MSB nib: c9.",,
346,15A,173,AD,(mcsbw402gpo),0x0000,,,
348,15C,174,AE,dot11agofdmhrbw202gpo,0x0000,"2G: Power offsets for 20 MHz 11a/g rates (54, 48, 36, 24 Mbps). LSB nib: 24 Mbps, MSB nib: 54 Mbps",,
350,15E,175,AF,ofdmlrbw202gpo,0x0000,"2G, LSB nib to MSB nib: (0) 11a/g 20 MHz 6/9 Mbps (1) 11a/g 20 MHz 12/18 Mbps (2) 11n/11ac 
20 MHz mcs 1/2 power offset w.r.t. mcs 0/1/2 (3) 11n/11ac 40 MHz mcs 1/2 power offset w.r.t. mcs 0/1/2",,
352,160,176,B0,mcsbw205glpo,0x4200,"5G low sb: 11ag/11n/11ac mcs 0/1/2, 3-7, 11ac mcs 8, 11ac mcs 9 20 MHz. LSB nib: m0/1/2, MSB nib: c9",,
354,162,177,B1,(mcsbw205glpo),0xBA86,,,
356,164,178,B2,mcsbw405glpo,0x4200,"5G low sb: 11ag/11n/11ac mcs 0/1/2, 3-7, 11ac mcs 8, 11ac mcs 9 40 MHz. LSB nib: m0/1/2, MSB nib: c9.",,
358,166,179,B3,(mcsbw405glpo),0xBA86,,,
360,168,180,B4,mcsbw805glpo,0x4200,"5G low sb: 11ag/11n/11ac mcs 0/1/2, 3-7, 11ac mcs 8, 11ac mcs 9 80 MHz. LSB nib: m0/1/2, MSB nib: c9",,
362,16A,181,B5,(mcsbw805glpo),0xBA86,,,
364,16C,182,B6,rpcal2g,0x0000,"2g reciprocity comp. coeffs. (U0.8 format): B[7:0] = angle(K(1))/2pi, B[15:8] = angle(K(2))/2pi",,
366,16E,183,B7,rpcal5gb0,0x0000,"5g subband0 reciprocity comp. coeffs. (U0.8 format): B[7:0] = angle(K(1))/2pi, B[15:8] = angle(K(2))/2pi",,
368,170,184,B8,mcsbw205gmpo,0x4200,"5G mid sb: 11ag/11n/11ac mcs 0/1/2, 3-7, 11ac mcs 8, 11ac mcs 9 20 MHz. LSB nib: m0/1/2, MSB nib: c9.",,
370,172,185,B9,(mcsbw205gmpo),0xBA86,,,
372,174,186,BA,mcsbw405gmpo,0x4200,"5G mid sb: 11ag/11n/11ac mcs 0/1/2, 3-7, 11ac mcs 8, 11ac mcs 9 40 MHz. LSB nib: m0/1/2, MSB nib: c9",,
374,176,187,BB,(mcsbw405gmpo),0xBA86,,,
376,178,188,BC,mcsbw805gmpo,0x4200,"5G mid sb: 11ag/11n/11ac mcs 0/1/2, 3-7, 11ac mcs 8, 11ac mcs 9 80 MHz. LSB nib: m0/1/2, MSB nib: c9",,
378,17A,189,BD,(mcsbw805gmpo),0xBA86,,,
380,17C,190,BE,rpcal5gb1,0x0000,"5g subband1 reciprocity comp. coeffs. (U0.8 format): B[7:0] = angle(K(1))/2pi, B[15:8] = angle(K(2))/2pi",,
382,17E,191,BF,rpcal5gb2,0x0000,"5g subband2 reciprocity comp. coeffs. (U0.8 format): B[7:0] = angle(K(1))/2pi, B[15:8] = angle(K(2))/2pi",,
384,180,192,C0,mcsbw205ghpo,0x2000,"5G high sb: 11ag/11n/11ac mcs 0/1/2, 3-7, 11ac mcs 8, 11ac mcs 9 20 MHz. LSB nib: m0/1/2, MSB nib: c9",,
386,182,193,C1,(mcsbw205ghpo),0xC865,,,
388,184,194,C2,mcsbw405ghpo,0x2000,"5G high sb: 11ag/11n/11ac mcs 0/1/2, 3-7, 11ac mcs 8, 11ac mcs 9 40 MHz. LSB nib: m0/1/2, MSB nib: c9",,
390,186,195,C3,(mcsbw405ghpo),0xC865,,,
392,188,196,C4,mcsbw805ghpo,0x2000,"5G high sb: 11ag/11n/11ac mcs 0/1/2, 3-7, 11ac mcs 8, 11ac mcs 9 80 MHz. LSB nib: m0/1/2, MSB nib: c9",,
394,18A,197,C5,(mcsbw805ghpo),0xC865,,,
396,18C,198,C6,rpcal5gb3,0x0000,"5g subband3 reciprocity comp. coeffs. (U0.8 format): B[7:0] = angle(K(1))/2pi, B[15:8] = angle(K(2))/2pi",,
398,18E,199,C7,rpcal5gb4,0x0000,"5g subband4 reciprocity comp. coeffs. (U0.8 format): B[7:0] = angle(K(1))/2pi, B[15:8] = angle(K(2))/2pi",,
400,190,200,C8,mcslr5glpo,0x0000,"5G low sb 11ag/n/ac QPSK power offset w.r.t. BPSK - mcs 1/2 w.r.t mcs 0/1/2 and 12/18 Mbps w.r.t 6/9
Mbps. LSB to MSB nib: 20/40/80/160MHz",,
402,192,201,C9,mcslr5gmpo,0x0000,"5G mid sb 11ag/n/ac QPSK power offset w.r.t. BPSK - mcs 1/2 w.r.t mcs 0/1/2 and 12/18 Mbps w.r.t 6/9
Mbps. LSB to MSB nib: 20/40/80/160MHz",,
404,194,202,CA,mcslr5ghpo,0x0000,"5G high sb 11ag/n/ac QPSK power offset w.r.t. BPSK - mcs 1/2 w.r.t mcs 0/1/2 and 12/18 Mbps w.r.t 6/9
Mbps. LSB to MSB nib: 20/40/80/160 MHz",,
406,196,203,CB,sb20in40hrpo,0x0000,20in40 OFDM signed power offsets w.r.t. 20in20 for 64 QAM and above. LSB nib to MSB nib: 2G/5G low/5G/mid/5G high,,
408,198,204,CC,sb20in80and160hr5glpo,0x0000,"5G low sb 20in80, 20in160 OFDM sign. pwr off. for 64 QAM and above. LSB nib to MSB nib: 20in80
w.r.t. 20in20/20in160 w.r.t. 20in20/20in80 - 20LL/UU w.r.t to 20LU/UL/20in160 - 20LLL/UUU w.r.t. 20in160",,
410,19A,205,CD,sb40and80hr5glpo,0x0000,"5G low sb 40in80, 40in160 OFDM sign. pwr off.for 64 QAM and above. LSB nib to MSB nib: 40in80 w.r.t.
40in40/40in160 w.r.t. 40in40/80in160 w.r.t. 80in80/40in160 - 40LL/UU w.r.t to 40LU/UL",,
412,19C,206,CE,sb20in80and160hr5gmpo,0x0000,"5G mid sb 20in80, 20in160 OFDM sign. pwr off. for 64 QAM and above. LSB nib to MSB nib: 20in80 w.r.t.
20in20/20in160 w.r.t. 20in20/20in80 - 20LL/UU w.r.t to 20LU/UL/20in160 - 20LLL/UUU w.r.t 20in160 sb",,
414,19E,207,CF,sb40and80hr5gmpo,0x0000,"5G mid sb 40in80, 40in160 OFDM sign. pwr off. for 64 QAM and above. LSB nib to MSB nib: 40in80 w.r.t.
40in40/40in160 w.r.t. 40in40/80in160 w.r.t. 80in80/40in160 - 40LL/UU w.r.t to 40LU/UL",,
416,1A0,208,D0,sb20in80and160hr5ghpo,0x0000,"5G high sb 20in80, 20in160 OFDM sign. pwr off. for 64 QAM & above. LSB nib to MSB nib: 20in80 w.r.t.
20in20/20in160 w.r.t. 20in20/20in80 - 20LL/UU w.r.t to 20LU/UL/20in160 - 20LLL/UUU w.r.t 20in160 sb",,
418,1A2,209,D1,sb40and80hr5ghpo,0x0000,"5G high sb 40in80, 40in160 OFDM sign. pwr off. for 64 QAM and above. LSB nib to MSB nib: 40in80 w.r.t.
40in40/40in160 w.r.t. 40in40/80in160 w.r.t. 80in80/40in160 - 40LL/UU w.r.t to 40LU/UL",,
420,1A4,210,D2,sb20in40lrpo,0x0000,20in40 OFDM sign. pwr off. w.r.t. 20in20 for 16 QAM & below.LSB nib to MSB nib:2G /5Glow/5Gmid/5Ghigh,,
422,1A6,211,D3,sb20in80and160lr5glpo,0x0000,"5G low sb 20in80, 20in160 OFDM sign. pwr off. for 16 QAM and below. LSB nib to MSB nib: 20in80 w.r.t.
20in20/20in160 w.r.t. 20in20/20in80 - 20LL/UU w.r.t to 20LU/UL/20in160 - 20LLL/UUU w.r.t 20in160 sb",,
424,1A8,212,D4,sb40and80lr5glpo,0x0000,"5G low sb 40in80, 40in160 OFDM sign. pwr off. for 16 QAM & below. LSB nib. to MSB nib.: 40in80 w.r.t.
40in40/40in160 w.r.t. 40in40/80in160 w.r.t. 80in80/40in160 - 40LL/UU w.r.t to 40LU/UL",,
426,1AA,213,D5,sb20in80and160lr5gmpo,0x0000,"5G mid sb 20in80, 20in160 OFDM sign. pwr off. for 16 QAM and below. LSB nib to MSB nib: 20in80 w.r.t.
20in20/20in160 w.r.t. 20in20/20in80 - 20LL/UU w.r.t to 20LU/UL/20in160 - 20LLL/UUU w.r.t 20in160 sb",,
428,1AC,214,D6,sb40and80lr5gmpo,0x0000,"5G mid sb 40in80, 40in160 OFDM sign. pwr off. for 16 QAM & below. LSB nib to MSB nib: 40in80 w.r.t.
40in40/40in160 w.r.t. 40in40/80in160 w.r.t. 80in80/40in160 - 40LL/UU w.r.t to 40LU/UL",,
430,1AE,215,D7,sb20in80and160lr5ghpo,0x0000,"5G high sb 20in80, 20in160 OFDM sign. pwr off. for 16 QAM & below. LSB nib to MSB nib: 20in80 w.r.t.
20in20/20in160 w.r.t. 20in20/20in80 - 20LL/UU w.r.t to 20LU/UL/20in160 - 20LLL/UUU w.r.t 20in160 sb",,
432,1B0,216,D8,sb40and80lr5ghpo,0x0000,"5G high sb 40in80, 40in160 OFDM sign. pwr off. for 16 QAM & below. LSB nib. to MSB nib.: 40in80 w.r.t.
40in40/40in160 w.r.t. 40in40/80in160 w.r.t. 80in80/40in160 - 40LL/UU w.r.t to 40LU/UL",,
434,1B2,217,D9,dot11agduphrpo,0x0000,"11a/g dupl. m. s. p.o. for 64 QAM. Cm p.o. D40, D40in80, and D40in160 w.r.t 40in40 11n/ac,Quad80 and Quad80in160 w.r.t. 11ac 80in80, Oct160 w.r.t. 11ac 160in160. LSB to MSB nib: 2G/5Glow/5Gmid/5Ghigh",,
436,1B4,218,DA,dot11agduplrpo,0x0000,"11a/g dupl. m. s. p. o. for 16 QAM Cm p. o. D40, D40in80, & D40in160 w.r.t 40in40 11n/ac, Q80 & Q80in160 w.r.t. 11ac 80in80, O160 w.r.t. 11ac 160in160. LSBtoMSB nib: 2G/5Glow/5Gmid/5Ghigh",,
438,1B6,219,DB,dot11agduphrlrpox,0x0000,"11a/g dupl. m. s. p.o. for 64 QAM. Cm p.o. D40, D40in80, and D40in160 w.r.t 40in40 11n/ac,Quad80 
and Quad80in160 w.r.t. 11ac 80in80, Oct160 w.r.t. 11ac 160in160. LSB to MSB nib: 5Glrx1, 5Glrx2, 5Ghrx1, 5Ghrx2",,
440,1B8,220,DC,pcieinterference,0xFFFF,PCIE interference,,
442,1BA,221,DD,sar,0x0F12,"SAR limit: 5G (15dBm, upper nibble), 2G (18dBm, lower nibble)",,
444,1BC,222,DE,noiselvl2g,0xFFFF,Noise level: added during MFGc testing,,
446,1BE,223,DF,noiselvl5gl,0xFFFF,Noise level: added during MFGc testing,,
448,1C0,224,E0,noiselvl5gm,0xFFFF,Noise level: added during MFGc testing,,
450,1C2,225,E1,noiselvl5gh,0xFFFF,Noise level: added during MFGc testing,,
452,1C4,226,E2,noiselvl5gu,0xFFFF,Noise level: added during MFGc testing,,
454,1C6,227,E3,rxgainerr2g,0xFFFF,Rx gain error: added during MFGc testing,,
456,1C8,228,E4,rxgainerr5gl,0xFFFF,Rx gain error: added during MFGc testing,,
458,1CA,229,E5,rxgainerr5gm,0xFFFF,Rx gain error: added during MFGc testing,,
460,1CC,230,E6,rxgainerr5gh,0xFFFF,Rx gain error: added during MFGc testing,,
462,1CE,231,E7,rxgainerr5gu,0xFFFF,Rx gain error: added during MFGc testing,,
464,1D0,232,E8,eu_edcrsth,0xFFFF,"15:8 eu_edthresh5g, 7:0 eu_edthresh2g. In 2s compliment format. dBm value",,
466,1D2,233,E9,reserved,0xFFFF,reserved,,
468,1D4,234,EA,mcsbw205gx1po,0x2000,"5G X1 sb: 11ag/11n/11ac mcs 0/1/2, 3-7, 11ac mcs 8, 11ac mcs 9 20 MHz. LSB nib: m0/1/2, MSB nib: c9",,
470,1D6,235,EB,(mcsbw205gx1po),0xA864,,,
472,1D8,236,EC,mcsbw405gx1po,0x2000,"5G X1 sb: 11ag/11n/11ac mcs 0/1/2, 3-7, 11ac mcs 8, 11ac mcs 9 40 MHz. LSB nib: m0/1/2, MSB nib: c9",,
474,1DA,237,ED,(mcsbw405gx1po),0xA864,,,
476,1DC,238,EE,mcsbw805gx1po,0x2000,"5G X1 sb: 11ag/11n/11ac mcs 0/1/2, 3-7, 11ac mcs 8, 11ac mcs 9 80 MHz. LSB nib: m0/1/2, MSB nib: c9",,
478,1DE,239,EF,(mcsbw805gx1po),0xA864,,,
480,1E0,240,F0,mcslr5gx1po,0x0000,"5G X1 sb 11ag/n/ac QPSK power offset w.r.t. BPSK - mcs 1/2 w.r.t mcs 0/1/2 and 12/18 Mbps w.r.t 6/9
Mbps. LSB to MSB nib: 20/40/80/160MHz",,
482,1E2,241,F1,sb40and80lr5gx1po,0x0000,"5G X1 sb 40in80, 40in160 OFDM sign. pwr off. for 16 QAM & below. LSB nib. to MSB nib.: 40in80 w.r.t.
40in40/40in160 w.r.t. 40in40/80in160 w.r.t. 80in80/40in160 - 40LL/UU w.r.t to 40LU/UL",,
484,1E4,242,F2,sb20in80and160lr5gx1po,0x0000,"5G X1 sb 20in80, 20in160 OFDM sign. pwr off. for 16 QAM & below. LSB nib to MSB nib: 20in80 w.r.t.
20in20/20in160 w.r.t. 20in20/20in80 - 20LL/UU w.r.t to 20LU/UL/20in160 - 20LLL/UUU w.r.t 20in160 sb",,
486,1E6,243,F3,sb20in80and160hr5gx1po,0x0000,"5G X1 sb 20in80, 20in160 OFDM sign. pwr off. for 64 QAM and above. LSB nib to MSB nib: 20in80 w.r.t.
20in20/20in160 w.r.t. 20in20/20in80 - 20LL/UU w.r.t to 20LU/UL/20in160 - 20LLL/UUU w.r.t 20in160 sb",,
488,1E8,244,F4,sb40and80hr5gx1po,0x0000,"5G X1 sb 40in80, 40in160 OFDM sign. pwr off. for 64 QAM and above. LSB nib to MSB nib: 40in80 w.r.t.
40in40/40in160 w.r.t. 40in40/80in160 w.r.t. 80in80/40in160 - 40LL/UU w.r.t to 40LU/UL",,
490,1EA,245,F5,mcsbw205gx2po,0x2000,"5G X2 sb: 11ag/11n/11ac mcs 0/1/2, 3-7, 11ac mcs 8, 11ac mcs 9 20 MHz. LSB nib: m0/1/2, MSB nib: c9",,
492,1EC,246,F6,(mcsbw205gx2po),0xA864,,,
494,1EE,247,F7,mcsbw405gx2po,0x2000,"5G X2 sb: 11ag/11n/11ac mcs 0/1/2, 3-7, 11ac mcs 8, 11ac mcs 9 40 MHz. LSB nib: m0/1/2, MSB nib: c9.",,
496,1F0,248,F8,(mcsbw405gx2po),0xA864,,,
498,1F2,249,F9,mcsbw805gx2po,0x2000,"5G X2 sb: 11ag/11n/11ac mcs 0/1/2, 3-7, 11ac mcs 8, 11ac mcs 9 80 MHz. LSB nib: m0/1/2, MSB nib: c9",,
500,1F4,250,FA,(mcsbw805gx2po),0xA864,,,
502,1F6,251,FB,mcslr5gx2po,0x0000,"5G X2 sb 11ag/n/ac QPSK power offset w.r.t. BPSK - mcs 1/2 w.r.t mcs 0/1/2 and 12/18 Mbps w.r.t 6/9
Mbps. LSB to MSB nib: 20/40/80/160MHz",,
504,1F8,252,FC,sb40and80lr5gx2po,0x0000,"5G X2 sb 40in80, 40in160 OFDM sign. pwr off. for 16 QAM & below. LSB nib. to MSB nib.: 40in80 w.r.t.
40in40/40in160 w.r.t. 40in40/80in160 w.r.t. 80in80/40in160 - 40LL/UU w.r.t to 40LU/UL",,
506,1FA,253,FD,sb20in80and160lr5gx2po,0x0000,"5G X2 sb 20in80, 20in160 OFDM sign. pwr off. for 16 QAM & below. LSB nib to MSB nib: 20in80 w.r.t.
20in20/20in160 w.r.t. 20in20/20in80 - 20LL/UU w.r.t to 20LU/UL/20in160 - 20LLL/UUU w.r.t 20in160 sb",,
508,1FC,254,FE,sb20in80and160hr5gx2po,0x0000,"5G X2 sb 20in80, 20in160 OFDM sign. pwr off. for 64 QAM and above. LSB nib to MSB nib: 20in80 w.r.t.
20in20/20in160 w.r.t. 20in20/20in80 - 20LL/UU w.r.t to 20LU/UL/20in160 - 20LLL/UUU w.r.t 20in160 sb",,
510,1FE,255,FF,sb40and80hr5gx2po,0x0000,"5G X2 sb 40in80, 40in160 OFDM sign. pwr off. for 64 QAM and above. LSB nib to MSB nib: 40in80 w.r.t.
40in40/40in160 w.r.t. 40in40/80in160 w.r.t. 80in80/40in160 - 40LL/UU w.r.t to 40LU/UL",,
512,200,256,100,maxp5gb4/maxp2ga0,0x6C6C,5G/2G Band ant0: Max Power subband4 (15:8) / Max Power (7:0),,
514,202,257,101,pa2g20b0w0a0,0x1E5F,2Ghz_subband0_PA_parameters_word0,,
516,204,258,102,pa2g20b0w1a0,0xBD9B,2Ghz_subband0_PA_parameters_word1,,
518,206,259,103,pa2g20b0w2a0,0x0000,2Ghz_subband0_PA_parameters_word2,,
520,208,260,104,pa2g20b0w3a0,0x0000,2Ghz_subband0_PA_parameters_word3,,
522,20A,261,105,rxgains0core0,0xBBBC,"upper 8 bits 5G, lower 2G. 8 bit definition û tr_elnabypass[7], tr_iso[6:3], elna_gain[2:0]",,
524,20C,262,106,maxp5gb0/maxp5gb1,0x6C6C,5G Band ant0: Max power subband1 (15:8) / Max power subband0 (7:0),,
526,20E,263,107,maxp5gb2/maxp5gb3,0x6C6C,5G Band ant0: Max power subband3 (15:8) / Max power subband2 (7:0),,
528,210,264,108,pa5g20b0w0a0,0x1E2F,5Ghz_subband0_PA_parameters_word0,,
530,212,265,109,pa5g20b0w1a0,0xC9A2,5Ghz_subband0_PA_parameters_word1,,
532,214,266,10A,pa5g20b0w2a0,0x283A,5Ghz_subband0_PA_parameters_word2,,
534,216,267,10B,pa5g20b0w3a0,0x2459,5Ghz_subband0_PA_parameters_word3,,
536,218,268,10C,pa5g20b1w0a0,0x1E28,5Ghz_subband1_PA_parameters_word0,,
538,21A,269,10D,pa5g20b1w1a0,0xC89F,5Ghz_subband1_PA_parameters_word1,,
540,21C,270,10E,pa5g20b1w2a0,0x2369,5Ghz_subband1_PA_parameters_word2,,
542,21E,271,10F,pa5g20b1w3a0,0x2393,5Ghz_subband1_PA_parameters_word3,,
544,220,272,110,pa5g20b2w0a0,0x1E19,5Ghz_subband2_PA_parameters_word0,,
546,222,273,111,pa5g20b2w1a0,0xC94B,5Ghz_subband2_PA_parameters_word1,,
548,224,274,112,pa5g20b2w2a0,0x25B1,5Ghz_subband2_PA_parameters_word2,,
550,226,275,113,pa5g20b2w3a0,0x240E,5Ghz_subband2_PA_parameters_word3,,
552,228,276,114,pa5g20b3w0a0,0x1DE8,5Ghz_subband3_PA_parameters_word0,,
554,22A,277,115,pa5g20b3w1a0,0xC6A4,5Ghz_subband3_PA_parameters_word1,,
556,22C,278,116,pa5g20b3w2a0,0x1E89,5Ghz_subband3_PA_parameters_word2,,
558,22E,279,117,pa5g20b3w3a0,0x22E2,5Ghz_subband3_PA_parameters_word3,,
560,230,280,118,pa5g20b4w0a0,0x1DBC,5Ghz_subband4_PA_parameters_word0,,
562,232,281,119,pa5g20b4w1a0,0xC54F,5Ghz_subband4_PA_parameters_word1,,
564,234,282,11A,pa5g20b4w2a0,0x1E4C,5Ghz_subband4_PA_parameters_word2,,
566,236,283,11B,pa5g20b4w3a0,0x2304,5Ghz_subband4_PA_parameters_word3,,
568,238,284,11C,pa2g40b0w0a0,0xFFFF,2Ghz_subband0_PA_parameters_word0,,
570,23A,285,11D,pa2g40b0w1a0,0xFFFF,2Ghz_subband0_PA_parameters_word1,,
572,23C,286,11E,pa2g40b0w2a0,0xFFFF,2Ghz_subband0_PA_parameters_word2,,
574,23E,287,11F,pa2g40b0w3a0,0xFFFF,2Ghz_subband0_PA_parameters_word3,,
576,240,288,120,pa5g40b0w0a0,0x1F17,5Ghz_subband0_PA_parameters_word0,,
578,242,289,121,pa5g40b0w1a0,0xD2AC,5Ghz_subband0_PA_parameters_word1,,
580,244,290,122,pa5g40b0w2a0,0x3AEC,5Ghz_subband0_PA_parameters_word2,,
582,246,291,123,pa5g40b0w3a0,0x25FC,5Ghz_subband0_PA_parameters_word3,,
584,248,292,124,pa5g40b1w0a0,0x1F24,5Ghz_subband1_PA_parameters_word0,,
586,24A,293,125,pa5g40b1w1a0,0xD3FB,5Ghz_subband1_PA_parameters_word1,,
588,24C,294,126,pa5g40b1w2a0,0x3DED,5Ghz_subband1_PA_parameters_word2,,
590,24E,295,127,pa5g40b1w3a0,0x2654,5Ghz_subband1_PA_parameters_word3,,
592,250,296,128,pa5g40b2w0a0,0x1EDC,5Ghz_subband2_PA_parameters_word0,,
594,252,297,129,pa5g40b2w1a0,0xD851,5Ghz_subband2_PA_parameters_word1,,
596,254,298,12A,pa5g40b2w2a0,0x487D,5Ghz_subband2_PA_parameters_word2,,
598,256,299,12B,pa5g40b2w3a0,0x275A,5Ghz_subband2_PA_parameters_word3,,
600,258,300,12C,pa5g40b3w0a0,0x1ED3,5Ghz_subband3_PA_parameters_word0,,
602,25A,301,12D,pa5g40b3w1a0,0xD46F,5Ghz_subband3_PA_parameters_word1,,
604,25C,302,12E,pa5g40b3w2a0,0x3FF4,5Ghz_subband3_PA_parameters_word2,,
606,25E,303,12F,pa5g40b3w3a0,0x2696,5Ghz_subband3_PA_parameters_word3,,
608,260,304,130,pa5g40b4w0a0,0x1EA9,5Ghz_subband4_PA_parameters_word0,,
610,262,305,131,pa5g40b4w1a0,0xD358,5Ghz_subband4_PA_parameters_word1,,
612,264,306,132,pa5g40b4w2a0,0x41BF,5Ghz_subband4_PA_parameters_word2,,
614,266,307,133,pa5g40b4w3a0,0x26EE,5Ghz_subband4_PA_parameters_word3,,
616,268,308,134,pa5g80b0w0a0,0x2005,5Ghz_subband0_PA_parameters_word0,,
618,26A,309,135,pa5g80b0w1a0,0xDDA2,5Ghz_subband0_PA_parameters_word1,,
620,26C,310,136,pa5g80b0w2a0,0x4B70,5Ghz_subband0_PA_parameters_word2,,
622,26E,311,137,pa5g80b0w3a0,0x26F9,5Ghz_subband0_PA_parameters_word3,,
624,270,312,138,pa5g80b1w0a0,0x1FE8,5Ghz_subband1_PA_parameters_word0,,
626,272,313,139,pa5g80b1w1a0,0xE03A,5Ghz_subband1_PA_parameters_word1,,
628,274,314,13A,pa5g80b1w2a0,0x50A1,5Ghz_subband1_PA_parameters_word2,,
630,276,315,13B,pa5g80b1w3a0,0x2772,5Ghz_subband1_PA_parameters_word3,,
632,278,316,13C,pa5g80b2w0a0,0x1FD3,5Ghz_subband2_PA_parameters_word0,,
634,27A,317,13D,pa5g80b2w1a0,0xDFD1,5Ghz_subband2_PA_parameters_word1,,
636,27C,318,13E,pa5g80b2w2a0,0x50CF,5Ghz_subband2_PA_parameters_word2,,
638,27E,319,13F,pa5g80b2w3a0,0x2779,5Ghz_subband2_PA_parameters_word3,,
640,280,320,140,pa5g80b3w0a0,0x1FCD,5Ghz_subband3_PA_parameters_word0,,
642,282,321,141,pa5g80b3w1a0,0xDD8F,5Ghz_subband3_PA_parameters_word1,,
644,284,322,142,pa5g80b3w2a0,0x4D83,5Ghz_subband3_PA_parameters_word2,,
646,286,323,143,pa5g80b3w3a0,0x2765,5Ghz_subband3_PA_parameters_word3,,
648,288,324,144,pa5g80b4w0a0,0x1FA1,5Ghz_subband4_PA_parameters_word0,,
650,28A,325,145,pa5g80b4w1a0,0xDB09,5Ghz_subband4_PA_parameters_word1,,
652,28C,326,146,pa5g80b4w2a0,0x4AA3,5Ghz_subband4_PA_parameters_word2,,
654,28E,327,147,pa5g80b4w3a0,0x273F,5Ghz_subband4_PA_parameters_word3,,
656,290,328,148,maxp5gb4/maxp2ga1,0x6C6C,5Ghz_subband4_PA_parameters_word3 5G/2G Band ant1: Max Power subband4 (15:8) / Max Power (7:0),,
658,292,329,149,pa2g20b0w0a1,0x1E02,2Ghz_subband0_PA_parameters_word0,,
660,294,330,14A,pa2g20b0w1a1,0xBE29,2Ghz_subband0_PA_parameters_word1,,
662,296,331,14B,pa2g20b0w2a1,0x0000,2Ghz_subband0_PA_parameters_word2,,
664,298,332,14C,pa2g20b0w3a1,0x0000,2Ghz_subband0_PA_parameters_word3,,
666,29A,333,14D,rxgains0core1,0xBBBC,"upper 8 bits 5G, lower 2G. 8 bit definition û tr_elnabypass[7], tr_iso[6:3], elna_gain[2:0]",,
668,29C,334,14E,maxp5gb0/maxp5gb1,0x6C6C,5G Band ant1: Max power subband1 (15:8) / Max power subband0 (7:0),,
670,29E,335,14F,maxp5gb2/maxp5gb3,0x6C6C,5G Band ant1: Max power subband3 (15:8) / Max power subband2 (7:0),,
672,2A0,336,150,pa5g20b0w0a1,0x1DD7,5Ghz_subband0_PA_parameters_word0,,
674,2A2,337,151,pa5g20b0w1a1,0xC766,5Ghz_subband0_PA_parameters_word1,,
676,2A4,338,152,pa5g20b0w2a1,0x221F,5Ghz_subband0_PA_parameters_word2,,
678,2A6,339,153,pa5g20b0w3a1,0x237E,5Ghz_subband0_PA_parameters_word3,,
680,2A8,340,154,pa5g20b1w0a1,0x1DC4,5Ghz_subband1_PA_parameters_word0,,
682,2AA,341,155,pa5g20b1w1a1,0xC7F8,5Ghz_subband1_PA_parameters_word1,,
684,2AC,342,156,pa5g20b1w2a1,0x22FD,5Ghz_subband1_PA_parameters_word2,,
686,2AE,343,157,pa5g20b1w3a1,0x23A5,5Ghz_subband1_PA_parameters_word3,,
688,2B0,344,158,pa5g20b2w0a1,0x1DC9,5Ghz_subband2_PA_parameters_word0,,
690,2B2,345,159,pa5g20b2w1a1,0xC860,5Ghz_subband2_PA_parameters_word1,,
692,2B4,346,15A,pa5g20b2w2a1,0x2325,5Ghz_subband2_PA_parameters_word2,,
694,2B6,347,15B,pa5g20b2w3a1,0x23A8,5Ghz_subband2_PA_parameters_word3,,
696,2B8,348,15C,pa5g20b3w0a1,0x1DA0,5Ghz_subband3_PA_parameters_word0,,
698,2BA,349,15D,pa5g20b3w1a1,0xC6C8,5Ghz_subband3_PA_parameters_word1,,
700,2BC,350,15E,pa5g20b3w2a1,0x1E8D,5Ghz_subband3_PA_parameters_word2,,
702,2BE,351,15F,pa5g20b3w3a1,0x22DF,5Ghz_subband3_PA_parameters_word3,,
704,2C0,352,160,pa5g20b4w0a1,0x1D8E,5Ghz_subband4_PA_parameters_word0,,
706,2C2,353,161,pa5g20b4w1a1,0xC65B,5Ghz_subband4_PA_parameters_word1,,
708,2C4,354,162,pa5g20b4w2a1,0x1F2F,5Ghz_subband4_PA_parameters_word2,,
710,2C6,355,163,pa5g20b4w3a1,0x232C,5Ghz_subband4_PA_parameters_word3,,
712,2C8,356,164,pa2g40b0w0a1,0xFFFF,2Ghz_subband0_PA_parameters_word0,,
714,2CA,357,165,pa2g40b0w1a1,0xFFFF,2Ghz_subband0_PA_parameters_word1,,
716,2CC,358,166,pa2g40b0w2a1,0xFFFF,2Ghz_subband0_PA_parameters_word2,,
718,2CE,359,167,pa2g40b0w3a1,0xFFFF,2Ghz_subband0_PA_parameters_word3,,
720,2D0,360,168,pa5g40b0w0a1,0x1E82,5Ghz_subband0_PA_parameters_word0,,
722,2D2,361,169,pa5g40b0w1a1,0xD57A,5Ghz_subband0_PA_parameters_word1,,
724,2D4,362,16A,pa5g40b0w2a1,0x43A1,5Ghz_subband0_PA_parameters_word2,,
726,2D6,363,16B,pa5g40b0w3a1,0x270E,5Ghz_subband0_PA_parameters_word3,,
728,2D8,364,16C,pa5g40b1w0a1,0x1E87,5Ghz_subband1_PA_parameters_word0,,
730,2DA,365,16D,pa5g40b1w1a1,0xD71A,5Ghz_subband1_PA_parameters_word1,,
732,2DC,366,16E,pa5g40b1w2a1,0x4681,5Ghz_subband1_PA_parameters_word2,,
734,2DE,367,16F,pa5g40b1w3a1,0x273F,5Ghz_subband1_PA_parameters_word3,,
736,2E0,368,170,pa5g40b2w0a1,0x1E78,5Ghz_subband2_PA_parameters_word0,,
738,2E2,369,171,pa5g40b2w1a1,0xD697,5Ghz_subband2_PA_parameters_word1,,
740,2E4,370,172,pa5g40b2w2a1,0x42C6,5Ghz_subband2_PA_parameters_word2,,
742,2E6,371,173,pa5g40b2w3a1,0x26D8,5Ghz_subband2_PA_parameters_word3,,
744,2E8,372,174,pa5g40b3w0a1,0x1E72,5Ghz_subband3_PA_parameters_word0,,
746,2EA,373,175,pa5g40b3w1a1,0xD394,5Ghz_subband3_PA_parameters_word1,,
748,2EC,374,176,pa5g40b3w2a1,0x3CAB,5Ghz_subband3_PA_parameters_word2,,
750,2EE,375,177,pa5g40b3w3a1,0x265A,5Ghz_subband3_PA_parameters_word3,,
752,2F0,376,178,pa5g40b4w0a1,0x1E6F,5Ghz_subband4_PA_parameters_word0,,
754,2F2,377,179,pa5g40b4w1a1,0xD116,5Ghz_subband4_PA_parameters_word1,,
756,2F4,378,17A,pa5g40b4w2a1,0x37C0,5Ghz_subband4_PA_parameters_word2,,
758,2F6,379,17B,pa5g40b4w3a1,0x25E3,5Ghz_subband4_PA_parameters_word3,,
760,2F8,380,17C,pa5g80b0w0a1,0x1F41,5Ghz_subband0_PA_parameters_word0,,
762,2FA,381,17D,pa5g80b0w1a1,0xDFCD,5Ghz_subband0_PA_parameters_word1,,
764,2FC,382,17E,pa5g80b0w2a1,0x522D,5Ghz_subband0_PA_parameters_word2,,
766,2FE,383,17F,pa5g80b0w3a1,0x27AF,5Ghz_subband0_PA_parameters_word3,,
768,300,384,180,pa5g80b1w0a1,0x1F58,5Ghz_subband1_PA_parameters_word0,,
770,302,385,181,pa5g80b1w1a1,0xDD68,5Ghz_subband1_PA_parameters_word1,,
772,304,386,182,pa5g80b1w2a1,0x4C14,5Ghz_subband1_PA_parameters_word2,,
774,306,387,183,pa5g80b1w3a1,0x273E,5Ghz_subband1_PA_parameters_word3,,
776,308,388,184,pa5g80b2w0a1,0x1F32,5Ghz_subband2_PA_parameters_word0,,
778,30A,389,185,pa5g80b2w1a1,0xDE6B,5Ghz_subband2_PA_parameters_word1,,
780,30C,390,186,pa5g80b2w2a1,0x4EE8,5Ghz_subband2_PA_parameters_word2,,
782,30E,391,187,pa5g80b2w3a1,0x278A,5Ghz_subband2_PA_parameters_word3,,
784,310,392,188,pa5g80b3w0a1,0x1F4B,5Ghz_subband3_PA_parameters_word0,,
786,312,393,189,pa5g80b3w1a1,0xDAF3,5Ghz_subband3_PA_parameters_word1,,
788,314,394,18A,pa5g80b3w2a1,0x471B,5Ghz_subband3_PA_parameters_word2,,
790,316,395,18B,pa5g80b3w3a1,0x26FE,5Ghz_subband3_PA_parameters_word3,,
792,318,396,18C,pa5g80b4w0a1,0x1F39,5Ghz_subband4_PA_parameters_word0,,
794,31A,397,18D,pa5g80b4w1a1,0xD83D,5Ghz_subband4_PA_parameters_word1,,
796,31C,398,18E,pa5g80b4w2a1,0x431C,5Ghz_subband4_PA_parameters_word2,,
798,31E,399,18F,pa5g80b4w3a1,0x26C7,5Ghz_subband4_PA_parameters_word3,,
800,320,400,190,maxp5gb4/maxp2ga2,0x6C6C,5G/2G Band ant2: Max Power subband4 (15:8) / Max Power (7:0),,
802,322,401,191,pa2g20b0w0a2,0x1DE0,2Ghz_subband0_PA_parameters_word0,,
804,324,402,192,pa2g20b0w1a2,0xBE0E,2Ghz_subband0_PA_parameters_word1,,
806,326,403,193,pa2g20b0w2a2,0x0000,2Ghz_subband0_PA_parameters_word2,,
808,328,404,194,pa2g20b0w3a2,0x0000,2Ghz_subband0_PA_parameters_word3,,
810,32A,405,195,rxgains0core2,0xBBBC,"upper 8 bits 5G, lower 2G. 8 bit definition û tr_elnabypass[7], tr_iso[6:3], elna_gain[2:0]",,
812,32C,406,196,maxp5gb0/maxp5gb1,0x6C6C,5G Band ant2: Max power subband1 (15:8) / Max power subband0 (7:0),,
814,32E,407,197,maxp5gb2/maxp5gb3,0x6C6C,5G Band ant2: Max power subband3 (15:8) / Max power subband2 (7:0),,
816,330,408,198,pa5g20b0w0a2,0x1E2B,5Ghz_subband0_PA_parameters_word0,,
818,332,409,199,pa5g20b0w1a2,0xC851,5Ghz_subband0_PA_parameters_word1,,
820,334,410,19A,pa5g20b0w2a2,0x24F1,5Ghz_subband0_PA_parameters_word2,,
822,336,411,19B,pa5g20b0w3a2,0x23D3,5Ghz_subband0_PA_parameters_word3,,
824,338,412,19C,pa5g20b1w0a2,0x1E31,5Ghz_subband1_PA_parameters_word0,,
826,33A,413,19D,pa5g20b1w1a2,0xC9FF,5Ghz_subband1_PA_parameters_word1,,
828,33C,414,19E,pa5g20b1w2a2,0x27FD,5Ghz_subband1_PA_parameters_word2,,
830,33E,415,19F,pa5g20b1w3a2,0x2451,5Ghz_subband1_PA_parameters_word3,,
832,340,416,1A0,pa5g20b2w0a2,0x1E42,5Ghz_subband2_PA_parameters_word0,,
834,342,417,1A1,pa5g20b2w1a2,0xCA20,5Ghz_subband2_PA_parameters_word1,,
836,344,418,1A2,pa5g20b2w2a2,0x2791,5Ghz_subband2_PA_parameters_word2,,
838,346,419,1A3,pa5g20b2w3a2,0x2437,5Ghz_subband2_PA_parameters_word3,,
840,348,420,1A4,pa5g20b3w0a2,0x1E13,5Ghz_subband3_PA_parameters_word0,,
842,34A,421,1A5,pa5g20b3w1a2,0xC8D1,5Ghz_subband3_PA_parameters_word1,,
844,34C,422,1A6,pa5g20b3w2a2,0x242C,5Ghz_subband3_PA_parameters_word2,,
846,34E,423,1A7,pa5g20b4w3a2,0x23AC,5Ghz_subband3_PA_parameters_word3,,
848,350,424,1A8,pa5g20b4w0a2,0x1DDA,5Ghz_subband4_PA_parameters_word0,,
850,352,425,1A9,pa5g20b4w1a2,0xC938,5Ghz_subband4_PA_parameters_word1,,
852,354,426,1AA,pa5g20b4w2a2,0x26DF,5Ghz_subband4_PA_parameters_word2,,
854,356,427,1AB,pa5g20b4w3a2,0x2427,5Ghz_subband4_PA_parameters_word3,,
856,358,428,1AC,pa2g40b0w0a2,0xFFFF,2Ghz_subband0_PA_parameters_word0,,
858,35A,429,1AD,pa2g40b0w1a2,0xFFFF,2Ghz_subband0_PA_parameters_word1,,
860,35C,430,1AE,pa2g40b0w2a2,0xFFFF,2Ghz_subband0_PA_parameters_word2,,
862,35E,431,1AF,pa2g40b0w3a2,0xFFFF,2Ghz_subband0_PA_parameters_word3,,
864,360,432,1B0,pa5g40b0w0a2,0x1EC0,5Ghz_subband0_PA_parameters_word0,,
866,362,433,1B1,pa5g40b0w1a2,0xDAC4,5Ghz_subband0_PA_parameters_word1,,
868,364,434,1B2,pa5g40b0w2a2,0x50B3,5Ghz_subband0_PA_parameters_word2,,
870,366,435,1B3,pa5g40b0w3a2,0x2807,5Ghz_subband0_PA_parameters_word3,,
872,368,436,1B4,pa5g40b1w0a2,0x1EF6,5Ghz_subband1_PA_parameters_word0,,
874,36A,437,1B5,pa5g40b1w1a2,0xDA38,5Ghz_subband1_PA_parameters_word1,,
876,36C,438,1B6,pa5g40b1w2a2,0x4D94,5Ghz_subband1_PA_parameters_word2,,
878,36E,439,1B7,pa5g40b1w3a2,0x27BD,5Ghz_subband1_PA_parameters_word3,,
880,370,440,1B8,pa5g40b2w0a2,0x1EC4,5Ghz_subband2_PA_parameters_word0,,
882,372,441,1B9,pa5g40b2w1a2,0xDDC6,5Ghz_subband2_PA_parameters_word1,,
884,374,442,1BA,pa5g40b2w2a2,0x543B,5Ghz_subband2_PA_parameters_word2,,
886,376,443,1BB,pa5g40b2w3a2,0x281A,5Ghz_subband2_PA_parameters_word3,,
888,378,444,1BC,pa5g40b3w0a2,0x1EDE,5Ghz_subband3_PA_parameters_word0,,
890,37A,445,1BD,pa5g40b3w1a2,0xD8E1,5Ghz_subband3_PA_parameters_word1,,
892,37C,446,1BE,pa5g40b3w2a2,0x4A5D,5Ghz_subband3_PA_parameters_word2,,
894,37E,447,1BF,pa5g40b3w3a2,0x276D,5Ghz_subband3_PA_parameters_word3,,
896,380,448,1C0,pa5g40b4w0a2,0x1EFC,5Ghz_subband4_PA_parameters_word0,,
898,382,449,1C1,pa5g40b4w1a2,0xD0DE,5Ghz_subband4_PA_parameters_word1,,
900,384,450,1C2,pa5g40b4w2a2,0x3889,5Ghz_subband4_PA_parameters_word2,,
902,386,451,1C3,pa5g40b4w3a2,0x25C5,5Ghz_subband4_PA_parameters_word3,,
904,388,452,1C4,pa5g80b0w0a2,0x1FDD,5Ghz_subband0_PA_parameters_word0,,
906,38A,453,1C5,pa5g80b0w1a2,0xE18B,5Ghz_subband0_PA_parameters_word1,,
908,38C,454,1C6,pa5g80b0w2a2,0x51AE,5Ghz_subband0_PA_parameters_word2,,
910,38E,455,1C7,pa5g80b0w3a2,0x2754,5Ghz_subband0_PA_parameters_word3,,
912,390,456,1C8,pa5g80b1w0a2,0x1E7F,5Ghz_subband1_PA_parameters_word0,,
914,392,457,1C9,pa5g80b1w1a2,0xDF13,5Ghz_subband1_PA_parameters_word1,,
916,394,458,1CA,pa5g80b1w2a2,0x4B5E,5Ghz_subband1_PA_parameters_word2,,
918,396,459,1CB,pa5g80b1w3a2,0x26E1,5Ghz_subband1_PA_parameters_word3,,
920,398,460,1CC,pa5g80b2w0a2,0x1FC7,5Ghz_subband2_PA_parameters_word0,,
922,39A,461,1CD,pa5g80b2w1a2,0xE071,5Ghz_subband2_PA_parameters_word1,,
924,39C,462,1CE,pa5g80b2w2a2,0x4DD6,5Ghz_subband2_PA_parameters_word2,,
926,39E,463,1CF,pa5g80b2w3a2,0x270B,5Ghz_subband2_PA_parameters_word3,,
928,3A0,464,1D0,pa5g80b3w0a2,0x1FE4,5Ghz_subband3_PA_parameters_word0,,
930,3A2,465,1D1,pa5g80b3w1a2,0xDF99,5Ghz_subband3_PA_parameters_word1,,
932,3A4,466,1D2,pa5g80b3w2a2,0x4F1C,5Ghz_subband3_PA_parameters_word2,,
934,3A6,467,1D3,pa5g80b0w3a2,0x2744,5Ghz_subband3_PA_parameters_word3,,
936,3A8,468,1D4,pa5g80b4w0a2,0x1FEF,5Ghz_subband4_PA_parameters_word0,,
938,3AA,469,1D5,pa5g80b4w1a2,0xD8F1,5Ghz_subband4_PA_parameters_word1,,
940,3AC,470,1D6,pa5g80b4w2a2,0x4323,5Ghz_subband4_PA_parameters_word2,,
942,3AE,471,1D7,pa5g80b4w3a2,0x2673,5Ghz_subband4_PA_parameters_word3,,
944,3B0,472,1D8,pdoffset2gcck,0xFFFF,"20 MHz PD offset: 2Gsubband0, A2 (bits 10:14), A1 (bits 5:9), A0 (bits 0:4) (1/4 dB steps per antenna)",,
946,3B2,473,1D9,pdoffset20m5gb0,0x7BBD,"20in40 MHz PD offset: subband0, A2 (bits 10:14), A1 (bits 5:9), A0 (bits 0:4) (1/4 dB steps per antenna)",,
948,3B4,474,1DA,pdoffset20m5gb1,0x7BBD,"20in40 MHz PD offset: subband1, A2 (bits 10:14), A1 (bits 5:9), A0 (bits 0:4) (1/4 dB steps per antenna)",,
950,3B6,475,1DB,pdoffset20m5gb2,0x77BD,"20in40 MHz PD offset: subband2, A2 (bits 10:14), A1 (bits 5:9), A0 (bits 0:4) (1/4 dB steps per antenna)",,
952,3B8,476,1DC,pdoffset20m5gb3,0x77BD,"20in40 MHz PD offset: subband3, A2 (bits 10:14), A1 (bits 5:9), A0 (bits 0:4) (1/4 dB steps per antenna)",,
954,3BA,477,1DD,pdoffset20m5gb4,0x77BD,"20in40 MHz PD offset: subband4, A2 (bits 10:14), A1 (bits 5:9), A0 (bits 0:4) (1/4 dB steps per antenna)",,
956,3BC,478,1DE,pdoffset40m5gb0,0x0000,"40in80 MHz PD offset: subband0, A2 (bits 10:14), A1 (bits 5:9), A0 (bits 0:4) (1/4 dB steps per antenna)",,
958,3BE,479,1DF,pdoffset40m5gb1,0x0420,"40in80 MHz PD offset: subband1, A2 (bits 10:14), A1 (bits 5:9), A0 (bits 0:4) (1/4 dB steps per antenna)",,
960,3C0,480,1E0,pdoffset40m5gb2,0x0440,"40in80 MHz PD offset: subband2, A2 (bits 10:14), A1 (bits 5:9), A0 (bits 0:4) (1/4 dB steps per antenna)",,
962,3C2,481,1E1,pdoffset40m5gb3,0x0820,"40in80 MHz PD offset: subband3, A2 (bits 10:14), A1 (bits 5:9), A0 (bits 0:4) (1/4 dB steps per antenna)",,
964,3C4,482,1E2,pdoffset40m5gb4,0x0841,"40in80 MHz PD offset: subband4, A2 (bits 10:14), A1 (bits 5:9), A0 (bits 0:4) (1/4 dB steps per antenna)",,
966,3C6,483,1E3,rxgains1core0,0xFFFF,"upper 8 bits 5G b2, lower 8 bits 5G b1; definition û tr_elnabypass[7], tr_iso[6:3], elna_gain[2:0]",,
968,3C8,484,1E4,rxgains1core1,0xFFFF,"upper 8 bits 5G b2, lower 8 bits 5G b1; definition û tr_elnabypass[7], tr_iso[6:3], elna_gain[2:0]",,
970,3CA,485,1E5,rxgains1core2,0xFFFF,"upper 8 bits 5G b2, lower 8 bits 5G b1; definition û tr_elnabypass[7], tr_iso[6:3], elna_gain[2:0]",,
972,3CC,486,1E6,boardflags4 bits 111:96,0x000E,"bit:0 = 0 (No 4.5dB pad on Core2), bit1-3: dettype for 2G, dettype for 5G,  enable the previous two bits, respectively",,
974,3CE,487,1E7,(boardflags4) bits 127:112,0x0000,,,
976,3D0,488,1E8,pdoffset20in80m5gb0,0x7BDD,"20in80 MHz PD offset: subband0, A2 (bits 10:14), A1 (bits 5:9), A0 (bits 0:4) (1/4 dB steps per antenna)",,
978,3D2,489,1E9,pdoffset20in80m5gb1,0x7FFF,"20in80 MHz PD offset: subband1, A2 (bits 10:14), A1 (bits 5:9), A0 (bits 0:4) (1/4 dB steps per antenna)",,
980,3D4,490,1EA,pdoffset20in80m5gb2,0x7BDE,"20in80 MHz PD offset: subband2, A2 (bits 10:14), A1 (bits 5:9), A0 (bits 0:4) (1/4 dB steps per antenna)",,
982,3D6,491,1EB,pdoffset20in80m5gb3,0x7BDE,"20in80 MHz PD offset: subband3, A2 (bits 10:14), A1 (bits 5:9), A0 (bits 0:4) (1/4 dB steps per antenna)",,
984,3D8,492,1EC,pdoffset20in80m5gb4,0x7BDE,"20in80 MHz PD offset: subband4, A2 (bits 10:14), A1 (bits 5:9), A0 (bits 0:4) (1/4 dB steps per antenna)",,
986,3DA,493,1ED,swctrlmap4_cfg,0x0001,"b0 = swctrlmap4 enable, b1 = 4bit femctrl(0) : 8bit femctrl(1). b3:2 - usage of swctrlmap4_misc (0 = off, 1 = TX_PAoff, 2,3 = Not used yet)",,
988,3DC,494,1EE,swctrlmap4_TX2g_fem3to0,0x0000,"femctrl[3:0]_tx2g_c3 = 15:12, femctrl[3:0]_tx2g_c2 = 11:8, femctrl[3:0]_tx2g_c1 = 7:4, 
femctrl[3:0]_tx2g_c0 = 3:0",,
990,3DE,495,1EF,swctrlmap4_RX2g_fem3to0,0x0000,"femctrl[3:0]_rx2g_c3 = 15:12, femctrl[3:0]_rx2g_c2 = 11:8, femctrl[3:0]_rx2g_c1 = 7:4, 
femctrl[3:0]_rx2g_c0 = 3:0",,
992,3E0,496,1F0,swctrlmap4_RXByp2g_fem3to0,0x0000,"femctrl[3:0]_rxbyp2g_c3 = 15:12, femctrl[3:0]_rxbyp2g_c2 = 11:8, femctrl[3:0]_rxbyp2g_c1 = 7:4, femctrl[3:0]_rxbyp2g_c0 = 3:0",,
994,3E2,497,1F1,swctrlmap4_misc2g_fem3to0,0x0000,"femctrl[3:0]_misc2g_c3 = 15:12, femctrl[3:0]_misc2g_c2 = 11:8, femctrl[3:0]_misc2g_c1 = 7:4, femctrl[3:0]_misc2g_c0 = 3:0",,
996,3E4,498,1F2,swctrlmap4_TX5g_fem3to0,0x6666,same as above for 5g,,
998,3E6,499,1F3,swctrlmap4_RX5g_fem3to0,0x1111,,,
1000,3E8,500,1F4,swctrlmap4_RXByp5g_fem3to0,0x3333,,,
1002,3EA,501,1F5,swctrlmap4_misc5g_fem3to0,0x0000,,,
1004,3EC,502,1F6,swctrlmap4_TX2g_fem7to4,0x0000,"femctrl[7:4]_tx2g_c3 = 15:12, femctrl[7:4]_tx2g_c2 = 11:8, femctrl[7:4]_tx2g_c1 = 7:4, femctrl[7:4]_tx2g_c0 = 3:0",,
1006,3EE,503,1F7,swctrlmap4_RX2g_fem7to4,0x0000,,,
1008,3F0,504,1F8,swctrlmap4_RXByp2g_fem7to4,0x0000,,,
1010,3F2,505,1F9,swctrlmap4_misc2g_fem7to4,0x0000,,,
1012,3F4,506,1FA,swctrlmap4_TX5g_fem7to4,0x0000,,,
1014,3F6,507,1FB,swctrlmap4_RX5g_fem7to4,0x0000,,,
1016,3F8,508,1FC,swctrlmap4_RXByp5g_fem7to4,0x0000,,,
1018,3FA,509,1FD,swctrlmap4_misc5g_fem7to4,0x0000,,,
1020,3FC,510,1FE,pdoffset20in80m5gcore3,0x7BFE,"20in80 MHz PD offset: band2 (bits 10:14), band1 (bits 5:9), band0 (bits 0:4)",,
1022,3FE,511,1FF,(pdoffset20in80m5gcore3),0x03DE,"20in80 MHz PD offset: reserved (bits 10:15), band4 (bits 5:9), band3 (bits 0:4)",,
1024,400,512,200,maxp5gb4/maxp2ga3,0x6C6C,5G/2G Band ant3: Max Power subband4 (15:8) / Max Power (7:0),,
1026,402,513,201,pa2g20b0w0a3,0x1BF7,2Ghz_subband0_PA_parameters_word0,,
1028,404,514,202,pa2g20b0w1a3,0xBF37,2Ghz_subband0_PA_parameters_word1,,
1030,406,515,203,pa2g20b0w2a3,0x0000,2Ghz_subband0_PA_parameters_word2,,
1032,408,516,204,pa2g20b0w3a3,0x0000,2Ghz_subband0_PA_parameters_word3,,
1034,40A,517,205,rxgains0core3,0xBBBC,"upper 8 bits 5G b0, lower 2G. 8 bit definition û tr_elnabypass[7], tr_iso[6:3], elna_gain[2:0]",,
1036,40C,518,206,maxp5gb0/maxp5gb1,0x6C6C,5G Band ant3: Max power subband1 (15:8) / Max power subband0 (7:0),,
1038,40E,519,207,maxp5gb2/maxp5gb3,0x6C6C,5G Band ant3: Max power subband3 (15:8) / Max power subband2 (7:0),,
1040,410,520,208,pa5g20b0w0a3,0x1E2C,5Ghz_subband0_PA_parameters_word0,,
1042,412,521,209,pa5g20b0w1a3,0xC9E2,5Ghz_subband0_PA_parameters_word1,,
1044,414,522,20A,pa5g20b0w2a3,0x282D,5Ghz_subband0_PA_parameters_word2,,
1046,416,523,20B,pa5g20b0w3a3,0x245C,5Ghz_subband0_PA_parameters_word3,,
1048,418,524,20C,pa5g20b1w0a3,0x1E2E,5Ghz_subband1_PA_parameters_word0,,
1050,41A,525,20D,pa5g20b1w1a3,0xCB5B,5Ghz_subband1_PA_parameters_word1,,
1052,41C,526,20E,pa5g20b1w2a3,0x2A14,5Ghz_subband1_PA_parameters_word2,,
1054,41E,527,20F,pa5g20b1w3a3,0x2498,5Ghz_subband1_PA_parameters_word3,,
1056,420,528,210,pa5g20b2w0a3,0x1E3E,5Ghz_subband2_PA_parameters_word0,,
1058,422,529,211,pa5g20b2w1a3,0xCA6E,5Ghz_subband2_PA_parameters_word1,,
1060,424,530,212,pa5g20b2w2a3,0x27AA,5Ghz_subband2_PA_parameters_word2,,
1062,426,531,213,pa5g20b2w3a3,0x2433,5Ghz_subband2_PA_parameters_word3,,
1064,428,532,214,pa5g20b3w0a3,0x1E0B,5Ghz_subband3_PA_parameters_word0,,
1066,42A,533,215,pa5g20b3w1a3,0xC835,5Ghz_subband3_PA_parameters_word1,,
1068,42C,534,216,pa5g20b3w2a3,0x23AA,5Ghz_subband3_PA_parameters_word2,,
1070,42E,535,217,pa5g20b4w3a3,0x23BF,5Ghz_subband3_PA_parameters_word3,,
1072,430,536,218,pa5g20b4w0a3,0x1DCD,5Ghz_subband4_PA_parameters_word0,,
1074,432,537,219,pa5g20b4w1a3,0xC6D0,5Ghz_subband4_PA_parameters_word1,,
1076,434,538,21A,pa5g20b4w2a3,0x221F,5Ghz_subband4_PA_parameters_word2,,
1078,436,539,21B,pa5g20b4w3a3,0x2395,5Ghz_subband4_PA_parameters_word3,,
1080,438,540,21C,pa2g40b0w0a3,0xFFFF,2Ghz_subband0_PA_parameters_word0,,
1082,43A,541,21D,pa2g40b0w1a3,0xFFFF,2Ghz_subband0_PA_parameters_word1,,
1084,43C,542,21E,pa2g40b0w2a3,0xFFFF,2Ghz_subband0_PA_parameters_word2,,
1086,43E,543,21F,pa2g40b0w3a3,0xFFFF,2Ghz_subband0_PA_parameters_word3,,
1088,440,544,220,pa5g40b0w0a3,0x1ED4,5Ghz_subband0_PA_parameters_word0,,
1090,442,545,221,pa5g40b0w1a3,0xD999,5Ghz_subband0_PA_parameters_word1,,
1092,444,546,222,pa5g40b0w2a3,0x4C9C,5Ghz_subband0_PA_parameters_word2,,
1094,446,547,223,pa5g40b0w3a3,0x27BE,5Ghz_subband0_PA_parameters_word3,,
1096,448,548,224,pa5g40b1w0a3,0x1EE9,5Ghz_subband1_PA_parameters_word0,,
1098,44A,549,225,pa5g40b1w1a3,0xDB17,5Ghz_subband1_PA_parameters_word1,,
1100,44C,550,226,pa5g40b1w2a3,0x4E7C,5Ghz_subband1_PA_parameters_word2,,
1102,44E,551,227,pa5g40b1w3a3,0x27D1,5Ghz_subband1_PA_parameters_word3,,
1104,450,552,228,pa5g40b2w0a3,0x1EE8,5Ghz_subband2_PA_parameters_word0,,
1106,452,553,229,pa5g40b2w1a3,0xDA30,5Ghz_subband2_PA_parameters_word1,,
1108,454,554,22A,pa5g40b2w2a3,0x4B75,5Ghz_subband2_PA_parameters_word2,,
1110,456,555,22B,pa5g40b2w3a3,0x276C,5Ghz_subband2_PA_parameters_word3,,
1112,458,556,22C,pa5g40b3w0a3,0x1EF6,5Ghz_subband3_PA_parameters_word0,,
1114,45A,557,22D,pa5g40b3w1a3,0xD489,5Ghz_subband3_PA_parameters_word1,,
1116,45C,558,22E,pa5g40b3w2a3,0x3F53,5Ghz_subband3_PA_parameters_word2,,
1118,45E,559,22F,pa5g40b3w3a3,0x2671,5Ghz_subband3_PA_parameters_word3,,
1120,460,560,230,pa5g40b4w0a3,0x1EEB,5Ghz_subband4_PA_parameters_word0,,
1122,462,561,231,pa5g40b4w1a3,0xCF2E,5Ghz_subband4_PA_parameters_word1,,
1124,464,562,232,pa5g40b4w2a3,0x3527,5Ghz_subband4_PA_parameters_word2,,
1126,466,563,233,pa5g40b4w3a3,0x25A1,5Ghz_subband4_PA_parameters_word3,,
1128,468,564,234,pa5g80b0w0a3,0x1FDC,5Ghz_subband0_PA_parameters_word0,,
1130,46A,565,235,pa5g80b0w1a3,0xE182,5Ghz_subband0_PA_parameters_word1,,
1132,46C,566,236,pa5g80b0w2a3,0x5211,5Ghz_subband0_PA_parameters_word2,,
1134,46E,567,237,pa5g80b0w3a3,0x276C,5Ghz_subband0_PA_parameters_word3,,
1136,470,568,238,pa5g80b1w0a3,0x1F8C,5Ghz_subband1_PA_parameters_word0,,
1138,472,569,239,pa5g80b1w1a3,0xE7BE,5Ghz_subband1_PA_parameters_word1,,
1140,474,570,23A,pa5g80b1w2a3,0x5D6D,5Ghz_subband1_PA_parameters_word2,,
1142,476,571,23B,pa5g80b1w3a3,0x2843,5Ghz_subband1_PA_parameters_word3,,
1144,478,572,23C,pa5g80b2w0a3,0x1FCF,5Ghz_subband2_PA_parameters_word0,,
1146,47A,573,23D,pa5g80b2w1a3,0xE325,5Ghz_subband2_PA_parameters_word1,,
1148,47C,574,23E,pa5g80b2w2a3,0x5480,5Ghz_subband2_PA_parameters_word2,,
1150,47E,575,23F,pa5g80b2w3a3,0x2791,5Ghz_subband2_PA_parameters_word3,,
1152,480,576,240,pa5g80b3w0a3,0x1FE0,5Ghz_subband3_PA_parameters_word0,,
1154,482,577,241,pa5g80b3w1a3,0xDE51,5Ghz_subband3_PA_parameters_word1,,
1156,484,578,242,pa5g80b3w2a3,0x4C9E,5Ghz_subband3_PA_parameters_word2,,
1158,486,579,243,pa5g80b3w3a3,0x2733,5Ghz_subband3_PA_parameters_word3,,
1160,488,580,244,pa5g80b4w0a3,0x1FC0,5Ghz_subband4_PA_parameters_word0,,
1162,48A,581,245,pa5g80b4w1a3,0xDA8B,5Ghz_subband4_PA_parameters_word1,,
1164,48C,582,246,pa5g80b4w2a3,0x490B,5Ghz_subband4_PA_parameters_word2,,
1166,48E,583,247,pa5g80b4w3a3,0x2703,5Ghz_subband4_PA_parameters_word3,,
1168,490,584,248,noiselvlcore3,0xFFFF,"Core3: 2G 4:0, 5Gb0 9:5, 5Gb1 14:10, 15 - reserved",,
1170,492,585,249,(noiselvlcore3),0xFFFF,"Core3: 5Gb2 4:0, 5Gb3 9:5, 15:10 - reserved (suffifient for 5Gb4)",,
1172,494,586,24A,rxgainerrcore3,0xFFFF,"Core3: 2G 4:0, 5Gb0 9:5, 5Gb1 14:10, 15 - reserved",,
1174,496,587,24B,(rxgainerrcore3),0xFFFF,"Core3: 5Gb2 4:0, 5Gb3 9:5, 15:10 - reserved (suffifient for 5Gb4)",,
1176,498,588,24C,reserved,0xFFFF,,,
1178,49A,589,24D,sromrev,0xXX0D,"7:0 Srom revision, 15:8 CRC (rev 13)",,
