SROM fields,,,,,BCM943602CD_9 Rev 03,,,,
Byte Offset,,Word Offset,,Description,Value,Explanation,,,
Dec,Hex,Dec,Hex,,Hex,,,,
0,0,0,0,"3:0 Enable function bits 
10:4 Unused 
11 Power Budget Availability (pwr_budget_cap(0)) 
15:12 Translate 3rd/7th 4k entry in Bar0 space ",0x3801  ,,,,
2,2,1,1,"7:0 Powwer for each D state
11:8 Unused
12 Hot Reset Enable
13 link_cap.aspm_optionality
15:14 Unused",0x3000,,,,
4,4,2,2,PCI subsystem ID ,0x06e2,BCM943602CD,,,
6,6,3,3,PCI subsystem vendor ID ,0x14e4  ,Broadcom,,,
8,8,4,4,ASPM,0x0218  ,,,,
10,A,5,5,L0/L1 Latency ,0x1b7e  ,,,,
12,C,6,6,PCIe Port Number ,0x0a00  ,,,,
14,E,7,7,PowerBudget0,0x2bc4  ,,,,
16,10,8,8,PowerBudget1,0x2a64  ,,,,
18,12,9,9,PowerBudget2,0x2964  ,,,,
20,14,10,A,PowerBudget3,0x2c64  ,,,,
22,16,11,B,PowerBudget4,0x3ce7  ,,,,
24,18,12,C,"7:0 Clkreq control
15:8 Pointer to Device Serial Number",0x480a  ,DSN location = 0x48,,,
26,1A,13,D,"LTR Message, gen2Enable",0x013c ,advertise Gen1,,,
28,1C,14,E,"LTR Message, MPS",0x2132 ,,,,
30,1E,15,F,"LTR Message, CommonClock override",0x3164 ,,,,
32,20,16,10,Power budgets for different power mgmt states (sel=1),0x1852 ,,,,
34,22,17,11,Power budgets for different power mgmt states (sel=2),0x0005  ,,,,
36,24,18,12,MDIO,0x1f2e  ,,,,
38,26,19,13,MDIOAddr (2 and 3),0x4df7  ,,,,
40,28,20,14,MDIOData (0),0x8080 ,,,,
42,2A,21,15,MDIOData (1),0x000b,,,,
44,2C,22,16,MDIOData (2),0x8630,,,,
46,2E,23,17,MDIOData (3),0x0190,,,,
48,30,24,18,MDIOAddr (5)(1:0),0x5f00,,,,
50,32,25,19,"MDIOAddr (5)(3:0), MDIOAddr (6 and 7)",0x41f6,,,,
52,34,26,1A,MDIOData (4),0x8630,,,,
54,36,27,1B,MDIOData (5),0x0191,,,,
56,38,28,1C,MDIOData (6),0x8300,,,,
58,3A,29,1D,MDIOData (7),0x01eb,,,,
60,3C,30,1E,"MDIOAddr(8), MDIOAddr(9)(1:0)",0x9f01,,,,
62,3E,31,1F,"MDIOAddr(9)(5:2), MDIOAddr(10 and 11)",0x65f5,,,,
64,40,32,20,MDIOData (8),0x8200,,,,
66,42,33,21,MDIOData (9),0xd800,,,,
68,44,34,22,MDIOData (10),0x8010,,,,
70,46,35,23,MDIOData (11),0x007c,,,,
72,48,36,24,"MDIOAddr (12), MDIOAddr(13)(1:0)",0x1f00,,,,
74,4A,37,25,"MDIOAddr (13)(5:2), MDIOAddr(14)",0x0004,,,,
76,4C,38,26,MDIOData (12),0x8000,,,,
78,4E,39,27,MDIOData (13),0x200c,,,,
80,50,40,28,MDIOData (14),0x0000,,,,
82,52,41,29,MDIOData (15),0x0000,,,,
84,54,42,2A,Spare address 0 to program COE pvt registers,0x0000,,,,
86,56,43,2B,Spare Data 0  to program COE pvt registers,0x0000,,,,
88,58,44,2C,Spare address 1 to program COE pvt registers,0x0000,,,,
90,5A,45,2D,Spare Data 1 to program COE pvt registers,0x0000,,,,
92,5C,46,2E,Spare address 2 to program COE pvt registers,0x0000,,,,
94,5E,47,2F,Spare Data 2 to program COE pvt registers ,0x0000,,,,
96,60,48,30,PCI device ID ,0x43ba ,BCM43602 device ID,,,
98,62,49,31,PCI Class Code bits 15:0,0x8000  ,,,,
100,64,50,32,"7:0 Class code in cfg (23:16)
8: BAR1 prefect disable
15:9 Power for each D0 state  ",0x0002  ,,,,
102,66,51,33,Power for D states,0x0000  ,,,,
104,68,52,34,"0 BAR1 Enabled 
3:1 BAR1 Size 
4 Power Management Enable 
10:5 Report PME bits 
11 Clock PME enabled
15:12 BAR0 backplane adddres translation ",0x3FF5,,,,
106,6A,53,35,BAR0 backplane adddres translation ,0x1800  ,,,,
108,6C,54,36,BAR2 enable and size,0x0000  ,,,,
110,6E,55,37,reserved,0xffff  ,,,,
112,70,56,38,PCI device ID ,0xffff  ,,,,
114,72,57,39,PCI Class Code bits 23:8,0xffff  ,,,,
116,74,58,3A,"PCI Class Code bits 31:24 
Power in D states",0xffff  ,,,,
118,76,59,3B,"Power for D1, D2, D3 states ",0xffff  ,,,,
120,78,60,3C,BAR1 Control,0xffff  ,,,,
122,7A,61,3D,BAR0 backplane address translation,0xffff  ,,,,
124,7C,62,3E,BAR2 enable and size,0xffff  ,,,,
126,7E,63,3F,reserved,0xffff  ,,,,
128,80,64,40,Srom Signature,0x8888,Srom Rev 12,,,
130,82,65,41,Board Rev,0x1903,"Board rev P903, SROM 12",,,
132,84,66,42,boardflags bits 15:0,0x1001  ,"bit0 : bt_coex, bit12 : extlna_2g  ",,,
134,86,67,43,(boardflags) bits 31:16,0x1000,bit28 : extlna_5g,,,
136,88,68,44,boardflags2 bits 47:32,0x0002  ,bit33 : RFPLL loop BW 150KHz, ,,
138,8A,69,45,(boardflags2) 63:48,0x0000  ,,,,
140,8C,70,46,boardflags3 bits 79:64,0x0003  ,bit[66:64] : femctrl_sub  = 3,,,
142,8E,71,47,(boardflags3) 95:80,0x0400  ,Force internal LPO as default,,,
144,90,72,48,macaddr,0x0090  ,machi,,,
146,92,73,49,(macaddr),0x4c16 ,macmid,,,
148,94,74,4A,(macaddr),0xbXXX ,maclo,,,
150,96,75,4B,ccode,0x0000,CountryCode,,,
152,98,76,4C,regrev,0x0000,Regulatory revision,,,
154,9A,77,4D,"ledbh0, ledbh1",0xffff  ,LED behavior,,,
156,9C,78,4E,"ledbh2, ledbh3",0xffff  ,LED behavior,,,
158,9E,79,4F,leddc,0xffff  ,Default led duty cycle,,,
160,A0,80,50,aa5g/aa2g,0x0707  ,3 antennas for both 2.4G and 5G,,,
162,A2,81,51,antgain_bandbg[core_01],0x8585 ,"5.5dB both cores (8bit per core, bit 5:0: whole number in dB, bit 7:6: 1/4dB)",,,
164,A4,82,52,"antgain_bandbg[core_2], antgain_banda[core_0]",0x8507  ,"5.5dB g-band, 7.0dB a-band (8bit per core, bit 5:0: whole number in dB, bit 7:6: 1/4dB)",,,
166,A6,83,53,antgain_banda[core_12],0x0707  ,"7.0dB both cores (8bit per core, bit 5:0: whole number in dB, bit 7:6: 1/4dB)",,,
168,A8,84,54,"0:3 txchain bitmap
4:7 rxchain bitmap
8:15 ant switch type",0x0077  ,3 cores active for tx and rx,,,
170,AA,85,55,fem_cfg1,0x1141,"15:11 femctrl,10 papd_cap_2g,9 2_range_tssi_2g,8:4 pd_gain_2g, 3:1 epa_gain_2g, 0 tssi_posslope_2g",,,
172,AC,86,56,fem_cfg2,0x0141,"15:11 gainctrl_sph,10 papd_cap_5g,9 2_rg_tssi_5g,8:4 pd_gain_5g, 3:1 epa_gain_5g, 0 tssi_posslope_5g",,,
174,AE,87,57,Upper 2 nibb: temp. thres. Lower: temps. sens. offset,0x78ff  ,max. die temp. = 120C,,,
176,B0,88,58,"0:9 raw tempsense
15:9 measured power",0xffff  ,,,,
178,B2,89,59,"0:7 tempsense slope
8:9 tempsense option
10:15 tempcorrs",0xffff  ,,,,
180,B4,90,5A,reserved,0xffff  ,,,,
182,B6,91,5B,reserved,0xffff  ,,,,
184,B8,92,5C,"Temp_hyst, temps_perios, phycal_tempdelta",0x5128  ,5C thermal hysteresis. 1s polling interval,,,
186,BA,93,5D,"measpower1, measpower2",0xffff  ,"6:0: Measpower1, 13:7: Measpower2. meas. Tx power CH7&13 in MFGc.",,,
188,BC,94,5E,reserved,0xffff  ,,,,
190,BE,95,5F,reserved,0xffff  ,,,,
192,C0,96,60,reserved,0xffff  ,,,,
194,C2,97,61,reserved,0xffff  ,,,,
196,C4,98,62,reserved,0xffff  ,,,,
198,C6,99,63,reserved,0xffff  ,,,,
200,C8,100,64,reserved, 0xffff  ,,,,
202,CA,101,65,reserved, 0xffff  ,,,,
204,CC,102,66,reserved, 0xffff  ,,,,
206,CE,103,67,reserved, 0xffff  ,,,,
208,D0,104,68,reserved, 0xffff  ,,,,
210,D2,105,69,reserved, 0xffff  ,,,,
212,D4,106,6A,reserved, 0xffff  ,,,,
214,D6,107,6B,subband5gver,0x0005,number of subbands used in 5G band,,,
216,D8,108,6C,reserved, 0xffff  ,,,,
218,DA,109,6D,reserved, 0xffff  ,,,,
220,DC,110,6E,reserved, 0xffff  ,,,,
222,DE,111,6F,reserved, 0xffff  ,,,,
224,E0,112,70,reserved, 0xffff  ,,,,
226,E2,113,71,reserved, 0xffff  ,,,,
228,E4,114,72,reserved, 0xffff  ,,,,
230,E6,115,73,reserved, 0xffff  ,,,,
232,E8,116,74,reserved, 0xffff  ,,,,
234,EA,117,75,reserved, 0xffff  ,,,,
236,EC,118,76,reserved, 0xffff  ,,,,
238,EE,119,77,reserved, 0xffff  ,,,,
240,F0,120,78,reserved, 0xffff  ,,,,
242,F2,121,79,reserved, 0xffff  ,,,,
244,F4,122,7A,reserved, 0xffff  ,,,,
246,F6,123,7B,reserved, 0xffff  ,,,,
248,F8,124,7C,reserved, 0xffff  ,,,,
250,FA,125,7D,reserved, 0xffff  ,,,,
252,FC,126,7E,reserved, 0xffff  ,,,,
254,FE,127,7F,reserved, 0xffff  ,,,,
256,100,128,80,reserved, 0xffff  ,,,,
258,102,129,81,reserved, 0xffff  ,,,,
260,104,130,82,reserved, 0xffff  ,,,,
262,106,131,83,reserved, 0xffff  ,,,,
264,108,132,84,reserved, 0xffff  ,,,,
266,10A,133,85,reserved, 0xffff  ,,,,
268,10C,134,86,reserved, 0xffff  ,,,,
270,10E,135,87,reserved, 0xffff  ,,,,
272,110,136,88,reserved, 0xffff  ,,,,
274,112,137,89,reserved, 0xffff  ,,,,
276,114,138,8A,reserved, 0xffff  ,,,,
278,116,139,8B,reserved, 0xffff  ,,,,
280,118,140,8C,reserved, 0xffff  ,,,,
282,11A,141,8D,reserved, 0xffff  ,,,,
284,11C,142,8E,reserved, 0xffff  ,,,,
286,11E,143,8F,reserved, 0xffff  ,,,,
288,120,144,90,reserved, 0xffff  ,,,,
290,122,145,91,reserved, 0xffff  ,,,,
292,124,146,92,reserved, 0xffff  ,,,,
294,126,147,93,reserved, 0xffff  ,,,,
296,128,148,94,reserved, 0xffff  ,,,,
298,12A,149,95,reserved, 0xffff  ,,,,
300,12C,150,96,reserved, 0xffff  ,,,,
302,12E,151,97,reserved, 0xffff  ,,,,
304,130,152,98,reserved, 0xffff  ,,,,
306,132,153,99,reserved, 0xffff  ,,,,
308,134,154,9A,reserved, 0xffff  ,,,,
310,136,155,9B,reserved, 0xffff  ,,,,
312,138,156,9C,reserved, 0xffff  ,,,,
314,13A,157,9D,reserved, 0xffff  ,,,,
316,13C,158,9E,reserved, 0xffff  ,,,,
318,13E,159,9F,reserved, 0xffff  ,,,,
320,140,160,A0,reserved, 0xffff  ,,,,
322,142,161,A1,reserved, 0xffff  ,,,,
324,144,162,A2,reserved, 0xffff  ,,,,
326,146,163,A3,reserved, 0xffff  ,,,,
328,148,164,A4,reserved, 0xffff  ,,,,
330,14A,165,A5,reserved, 0xffff  ,,,,
332,14C,166,A6,reserved, 0xffff  ,,,,
334,14E,167,A7,reserved, 0xffff  ,,,,
336,150,168,A8,cckbw202gpo  ,0x0000,"CCK Power offsets for 20 MHz rates (11, 5.5, 2, 1Mbps)",,,
338,152,169,A9,cckbw20ul2gpo ,0x0000,"CCK Power offsets for 20 U/L rates (11, 5.5, 2, 1 Mbps)",,,
340,154,170,AA,mcsbw202gpo ,0x7222,"2G: 11n/11ac mcs 0/1/2, 3-7, 11ac mcs 8, 11ac mcs 9 20MHz. LSB nib: m0/m1/m2, MSB nib: c9.",,,
342,156,171,AB,(mcsbw202gpo) ,0x9977, ,,,
344,158,172,AC,mcsbw402gpo ,0x7222,"2G: 11n/11ac mcs 0/1/2, 3-7, 11ac mcs 8, 11ac mcs 9 40MHz. LSB nib: m0/m1/m2, MSB nib: c9.",,,
346,15A,173,AD,(mcsbw402gpo) ,0x9977, ,,,
348,15C,174,AE,dot11agofdmhrbw202gpo,0x7722,"2G: Power offsets for 20 MHz 11a/g rates (54, 48, 36, 24 Mbps). LSB nib: 24 Mbps, MSB nib: 54 Mbps",,,
350,15E,175,AF,ofdmlrbw202gpo,0x0022,"2G, LSB nib to MSB nib: (0) 11a/g 20 MHz 6/9 Mbps (1) 11a/g 20 MHz 12/18 Mbps (2) 11n/11ac 
20 MHz mcs 1/2 power offset w.r.t. mcs 0/1/2 (3) 11n/11ac 40 MHz mcs 1/2 power offset w.r.t. mcs 0/1/2",,,
352,160,176,B0,mcsbw205glpo,0x6000,"5G low sb: 11ag/11n/11ac mcs 0/1/2, 3-7, 11ac mcs 8, 11ac mcs 9 20 MHz. LSB nib: m0/1/2, MSB nib: c9",,,
354,162,177,B1,(mcsbw205glpo) ,0x9966,,,,
356,164,178,B2,mcsbw405glpo,0x6222,"5G low sb: 11ag/11n/11ac mcs 0/1/2, 3-7, 11ac mcs 8, 11ac mcs 9 40 MHz. LSB nib: m0/1/2, MSB nib: c9.",,,
358,166,179,B3,(mcsbw405glpo),0x9966,,,,
360,168,180,B4,mcsbw805glpo ,0x6222,"5G low sb: 11ag/11n/11ac mcs 0/1/2, 3-7, 11ac mcs 8, 11ac mcs 9 80 MHz. LSB nib: m0/1/2, MSB nib: c9",,,
362,16A,181,B5,(mcsbw805glpo),0x9966,,,,
364,16C,182,B6,rpcal2g ,0xffff  ,"2g reciprocity comp. coeffs. (U0.8 format): B[7:0] = angle(K(1))/2pi, B[15:8] = angle(K(2))/2pi",,,
366,16E,183,B7,rpcal5gb0 ,0xffff  ,"5g subband0 reciprocity comp. coeffs. (U0.8 format): B[7:0] = angle(K(1))/2pi, B[15:8] = angle(K(2))/2pi ",,,
368,170,184,B8,mcsbw205gmpo,0x6000,"5G mid sb: 11ag/11n/11ac mcs 0/1/2, 3-7, 11ac mcs 8, 11ac mcs 9 20 MHz. LSB nib: m0/1/2, MSB nib: c9.",,,
370,172,185,B9,(mcsbw205gmpo),0x9966,,,,
372,174,186,BA,mcsbw405gmpo,0x6222,"5G mid sb: 11ag/11n/11ac mcs 0/1/2, 3-7, 11ac mcs 8, 11ac mcs 9 40 MHz. LSB nib: m0/1/2, MSB nib: c9",,,
374,176,187,BB,(mcsbw405gmpo) ,0x9966,,,,
376,178,188,BC,mcsbw805gmpo ,0x6444,"5G mid sb: 11ag/11n/11ac mcs 0/1/2, 3-7, 11ac mcs 8, 11ac mcs 9 80 MHz. LSB nib: m0/1/2, MSB nib: c9",,,
378,17A,189,BD,(mcsbw805gmpo) ,0x9966,,,,
380,17C,190,BE,rpcal5gb1,0xffff  ,"5g subband1 reciprocity comp. coeffs. (U0.8 format): B[7:0] = angle(K(1))/2pi, B[15:8] = angle(K(2))/2pi ",,,
382,17E,191,BF,rpcal5gb2 ,0xffff  ,"5g subband2 reciprocity comp. coeffs. (U0.8 format): B[7:0] = angle(K(1))/2pi, B[15:8] = angle(K(2))/2pi ",,,
384,180,192,C0,mcsbw205ghpo,0x6000,"5G high sb: 11ag/11n/11ac mcs 0/1/2, 3-7, 11ac mcs 8, 11ac mcs 9 20 MHz. LSB nib: m0/1/2, MSB nib: c9",,,
386,182,193,C1,(mcsbw205ghpo) ,0xAA66,,,,
388,184,194,C2,mcsbw405ghpo,0x6222,"5G high sb: 11ag/11n/11ac mcs 0/1/2, 3-7, 11ac mcs 8, 11ac mcs 9 40 MHz. LSB nib: m0/1/2, MSB nib: c9",,,
390,186,195,C3,(mcsbw405ghpo) ,0xAA66,,,,
392,188,196,C4,mcsbw805ghpo,0x6444,"5G high sb: 11ag/11n/11ac mcs 0/1/2, 3-7, 11ac mcs 8, 11ac mcs 9 80 MHz. LSB nib: m0/1/2, MSB nib: c9",,,
394,18A,197,C5,(mcsbw805ghpo) ,0xAA66,,,,
396,18C,198,C6,rpcal5gb3,0xffff  ,"5g subband3 reciprocity comp. coeffs. (U0.8 format): B[7:0] = angle(K(1))/2pi, B[15:8] = angle(K(2))/2pi ",,,
398,18E,199,C7,(mcsbw1605ghpo) ,0x0000,,,,
400,190,200,C8,mcslr5glpo ,0x0000,"5G low sb 11ag/n/ac QPSK power offset w.r.t. BPSK - mcs 1/2 w.r.t mcs 0/1/2 and 12/18 Mbps w.r.t 6/9
Mbps. LSB to MSB nib: 20/40/80/160MHz",,,
402,192,201,C9,mcslr5gmpo ,0x0000,"5G mid sb 11ag/n/ac QPSK power offset w.r.t. BPSK - mcs 1/2 w.r.t mcs 0/1/2 and 12/18 Mbps w.r.t 6/9
Mbps. LSB to MSB nib: 20/40/80/160MHz",,,
404,194,202,CA,mcslr5ghpo ,0x0000,"5G high sb 11ag/n/ac QPSK power offset w.r.t. BPSK - mcs 1/2 w.r.t mcs 0/1/2 and 12/18 Mbps w.r.t 6/9
Mbps. LSB to MSB nib: 20/40/80/160 MHz",,,
406,196,203,CB,sb20in40hrpo ,0x0000,20in40 OFDM signed power offsets w.r.t. 20in20 for 64 QAM and above. LSB nib to MSB nib: 2G/5G low/5G/mid/5G high,,,
408,198,204,CC,sb20in80and160hr5glpo ,0x0000,"5G low sb 20in80, 20in160 OFDM sign. pwr off. for 64 QAM and above. LSB nib to MSB nib: 20in80
w.r.t. 20in20/20in160 w.r.t. 20in20/20in80 - 20LL/UU w.r.t to 20LU/UL/20in160 - 20LLL/UUU w.r.t. 20in160",,,
410,19A,205,CD,sb40and80hr5glpo,0x0000,"5G low sb 40in80, 40in160 OFDM sign. pwr off.for 64 QAM and above. LSB nib to MSB nib: 40in80 w.r.t.
40in40/40in160 w.r.t. 40in40/80in160 w.r.t. 80in80/40in160 - 40LL/UU w.r.t to 40LU/UL",,,
412,19C,206,CE,sb20in80and160hr5gmpo ,0x0000,"5G mid sb 20in80, 20in160 OFDM sign. pwr off. for 64 QAM and above. LSB nib to MSB nib: 20in80 w.r.t.
20in20/20in160 w.r.t. 20in20/20in80 - 20LL/UU w.r.t to 20LU/UL/20in160 - 20LLL/UUU w.r.t 20in160 sb",,,
414,19E,207,CF,sb40and80hr5gmpo,0x0000,"5G mid sb 40in80, 40in160 OFDM sign. pwr off. for 64 QAM and above. LSB nib to MSB nib: 40in80 w.r.t.
40in40/40in160 w.r.t. 40in40/80in160 w.r.t. 80in80/40in160 - 40LL/UU w.r.t to 40LU/UL",,,
416,1A0,208,D0,sb20in80and160hr5ghpo,0x0000,"5G high sb 20in80, 20in160 OFDM sign. pwr off. for 64 QAM & above. LSB nib to MSB nib: 20in80 w.r.t.
20in20/20in160 w.r.t. 20in20/20in80 - 20LL/UU w.r.t to 20LU/UL/20in160 - 20LLL/UUU w.r.t 20in160 sb",,,
418,1A2,209,D1,sb40and80hr5ghpo,0x0000,"5G mid sb 40in80, 40in160 OFDM sign. pwr off. for 64 QAM and above. LSB nib to MSB nib: 40in80 w.r.t.
40in40/40in160 w.r.t. 40in40/80in160 w.r.t. 80in80/40in160 - 40LL/UU w.r.t to 40LU/UL",,,
420,1A4,210,D2,sb20in40lrpo,0x0000,20in40 OFDM sign. pwr off. w.r.t. 20in20 for 16 QAM & below.LSB nib to MSB nib:2G /5Glow/5Gmid/5Ghigh,,,
422,1A6,211,D3,sb20in80and160lr5glpo,0x0000,"5G low sb 20in80, 20in160 OFDM sign. pwr off. for 16 QAM and below. LSB nib to MSB nib: 20in80 w.r.t.
20in20/20in160 w.r.t. 20in20/20in80 - 20LL/UU w.r.t to 20LU/UL/20in160 - 20LLL/UUU w.r.t 20in160 sb",,,
424,1A8,212,D4,sb40and80lr5glpo,0x0000,"5G low sb 40in80, 40in160 OFDM sign. pwr off. for 16 QAM & below. LSB nib. to MSB nib.: 40in80 w.r.t.
40in40/40in160 w.r.t. 40in40/80in160 w.r.t. 80in80/40in160 - 40LL/UU w.r.t to 40LU/UL",,,
426,1AA,213,D5,sb20in80and160lr5gmpo,0x0000,"5G mid sb 20in80, 20in160 OFDM sign. pwr off. for 16 QAM and below. LSB nib to MSB nib: 20in80 w.r.t.
20in20/20in160 w.r.t. 20in20/20in80 - 20LL/UU w.r.t to 20LU/UL/20in160 - 20LLL/UUU w.r.t 20in160 sb",,,
428,1AC,214,D6,sb40and80lr5gmpo ,0x0000,"5G mid sb 40in80, 40in160 OFDM sign. pwr off. for 16 QAM & below. LSB nib to MSB nib: 40in80 w.r.t.
40in40/40in160 w.r.t. 40in40/80in160 w.r.t. 80in80/40in160 - 40LL/UU w.r.t to 40LU/UL",,,
430,1AE,215,D7,sb20in80and160lr5ghpo ,0x0000,"5G high sb 20in80, 20in160 OFDM sign. pwr off. for 16 QAM & below. LSB nib to MSB nib: 20in80 w.r.t.
20in20/20in160 w.r.t. 20in20/20in80 - 20LL/UU w.r.t to 20LU/UL/20in160 - 20LLL/UUU w.r.t 20in160 sb",,,
432,1B0,216,D8,sb40and80lr5ghpo,0x0000,"5G mid sb 40in80, 40in160 OFDM sign. pwr off. for 16 QAM & below. LSB nib. to MSB nib.: 40in80 w.r.t.
40in40/40in160 w.r.t. 40in40/80in160 w.r.t. 80in80/40in160 - 40LL/UU w.r.t to 40LU/UL",,,
434,1B2,217,D9,dot11agduphrpo,0x0000,"11a/g dupl. m. s. p.o. for 64 QAM. Cm p.o. D40, D40in80, and D40in160 w.r.t 40in40 11n/ac,Quad80 and Quad80in160 w.r.t. 11ac 80in80, Oct160 w.r.t. 11ac 160in160. LSB to MSB nib: 2G/5Glow/5Gmid/5Ghigh",,,
436,1B4,218,DA,dot11agduplrpo,0xccc0,"11a/g dupl. m. s. p. o. for 16 QAM Cm p. o. D40, D40in80, & D40in160 w.r.t 40in40 11n/ac, Q80 & Q80in160 w.r.t. 11ac 80in80, O160 w.r.t. 11ac 160in160. LSBtoMSB nib: 2G/5Glow/5Gmid/5Ghigh",,,
438,1B6,219,DB,reserved,0xffff,,,,
440,1B8,220,DC,pcieinterference,0xffff  ,,,,
442,1BA,221,DD,sar,0x0f12  ,"SAR limit: 5G (15dBm, upper nibble), 2G (18dBm, lower nibble)",,,
444,1BC,222,DE,noiselvl2g,0xffff  ,Noise level: added during MFGc testing,,,
446,1BE,223,DF,noiselvl5gl ,0xffff  ,Noise level: added during MFGc testing,,,
448,1C0,224,E0,noiselvl5gm,0xffff  ,Noise level: added during MFGc testing,,,
450,1C2,225,E1,noiselvl5gh,0xffff  ,Noise level: added during MFGc testing,,,
452,1C4,226,E2,noiselvl5gu,0xffff  ,Noise level: added during MFGc testing,,,
454,1C6,227,E3,,0xffff  ,Rx gain error: added during MFGc testing,,,
456,1C8,228,E4,,0xffff  ,Rx gain error: added during MFGc testing,,,
458,1CA,229,E5,,0xffff  ,Rx gain error: added during MFGc testing,,,
460,1CC,230,E6,,0xffff  ,Rx gain error: added during MFGc testing,,,
462,1CE,231,E7,,0xffff  ,Rx gain error: added during MFGc testing,,,
464,1D0,232,E8,reserved,0xffff  ,reserved,,,
466,1D2,233,E9,reserved,0xffff  ,reserved,,,
468,1D4,234,EA,mcsbw205gx1po,0xffff," 5G X1 sb: 11ag/11n/11ac mcs 0/1/2,  3-7, 11ac mcs 8, 11ac mcs 9 20 MHz. LSB nib: m0/1/2, MSB nib: c9",, , 
470,1D6,235,EB,(mcsbw205gx1po) ,0xffff,,,,
472,1D8,236,EC,mcsbw405gx1po,0xffff,"5G X1 sb: 11ag/11n/11ac mcs 0/1/2, 3-7, 11ac mcs 8, 11ac mcs 9 40 MHz. LSB nib: m0/1/2, MSB nib: c9",,,
474,1DA,237,ED,(mcsbw405gx1po),0xffff,,,,
476,1DC,238,EE,mcsbw805gx1po ,0xffff,"5G X1 sb: 11ag/11n/11ac mcs 0/1/2, 3-7, 11ac mcs 8, 11ac mcs 9 80 MHz. LSB nib: m0/1/2, MSB nib: c9",,,
478,1DE,239,EF,(mcsbw805gx1po),0xffff,,,,
480,1E0,240,F0,mcslr5gx1po ,0xffff,5G X1 sb 11ag/n/ac QPSK power offset w.r.t. BPSK - mcs 1/2 w.r.t mcs 0/1/2 and 12/18 Mbps w.r.t 6/9,,,
482,1E2,241,F1,sb40and80lr5gx1po,0xffff,"5G X1 sb 40in80, 40in160 OFDM sign. pwr off. for 16 QAM & below. LSB nib. to MSB nib.: 40in80 w.r.t.","40in40/40in160 w.r.t. 40in40/80in160 w.r.t. 80in80/40in160 - 40LL/UU w.r.t to 40LU/UL""",,
484,1E4,242,F2,sb20in80and160lr5gx1po,0xffff,"5G X1 sb 20in80, 20in160 OFDM sign. pwr off. for 16 QAM and below. LSB nib to MSB nib: 20in80 w.r.t.","20in20/20in160 w.r.t. 20in20/20in80 - 20LL/UU w.r.t to 20LU/UL/20in160 - 20LLL/UUU w.r.t 20in160 sb""",,
486,1E6,243,F3,sb20in80and160hr5gx1po ,0xffff,"5G X1 sb 20in80, 20in160 OFDM sign. pwr off. for 64 QAM and above. LSB nib to MSB nib: 20in80","w.r.t. 20in20/20in160 w.r.t. 20in20/20in80 - 20LL/UU w.r.t to 20LU/UL/20in160 - 20LLL/UUU w.r.t. 20in160""",,
488,1E8,244,F4,sb40and80hr5gx1po,0xffff,"5G X1 sb 40in80, 40in160 OFDM sign. pwr off.for 64 QAM and above. LSB nib to MSB nib: 40in80 w.r.t.","40in40/40in160 w.r.t. 40in40/80in160 w.r.t. 80in80/40in160 - 40LL/UU w.r.t to 40LU/UL""",,
490,1EA,245,F5,mcsbw205gx2po,0xffff,"5G X2 sb: 11ag/11n/11ac mcs 0/1/2, 3-7, 11ac mcs 8, 11ac mcs 9 20 MHz. LSB nib: m0/1/2, MSB nib: c9",,,
492,1EC,246,F6,(mcsbw205gx2po) ,0xffff,,,,
494,1EE,247,F7,mcsbw405gx2po,0xffff,"5G X2 sb: 11ag/11n/11ac mcs 0/1/2, 3-7, 11ac mcs 8, 11ac mcs 9 40 MHz. LSB nib: m0/1/2, MSB nib: c9.",,,
496,1F0,248,F8,(mcsbw405gx2po),0xffff,,,,
498,1F2,249,F9,mcsbw805gx2po ,0xffff,"5G X2 sb: 11ag/11n/11ac mcs 0/1/2, 3-7, 11ac mcs 8, 11ac mcs 9 80 MHz. LSB nib: m0/1/2, MSB nib: c9",,,
500,1F4,250,FA,(mcsbw805gx2po),0xffff,,,,
502,1F6,251,FB,mcslr5gx2po ,0xffff,5G X2 sb 11ag/n/ac QPSK power offset w.r.t. BPSK - mcs 1/2 w.r.t mcs 0/1/2 and 12/18 Mbps w.r.t 6/9,,,
504,1F8,252,FC,sb40and80lr5gx2po,0xffff,"5G X2 sb 40in80, 40in160 OFDM sign. pwr off. for 16 QAM & below. LSB nib. to MSB nib.: 40in80 w.r.t.","40in40/40in160 w.r.t. 40in40/80in160 w.r.t. 80in80/40in160 - 40LL/UU w.r.t to 40LU/UL""",,
506,1FA,253,FD,sb20in80and160lr5gx2po,0xffff,"5G X2 sb 20in80, 20in160 OFDM sign. pwr off. for 16 QAM and below. LSB nib to MSB nib: 20in80 w.r.t.","20in20/20in160 w.r.t. 20in20/20in80 - 20LL/UU w.r.t to 20LU/UL/20in160 - 20LLL/UUU w.r.t 20in160 sb""",,
508,1FC,254,FE,sb20in80and160hr5gx2po ,0xffff,"5G X2 sb 20in80, 20in160 OFDM sign. pwr off. for 64 QAM and above. LSB nib to MSB nib: 20in80","w.r.t. 20in20/20in160 w.r.t. 20in20/20in80 - 20LL/UU w.r.t to 20LU/UL/20in160 - 20LLL/UUU w.r.t. 20in160""",,
510,1FE,255,FF,sb40and80hr5gx2po,0xffff,"5G X2 sb 40in80, 40in160 OFDM sign. pwr off.for 64 QAM and above. LSB nib to MSB nib: 40in80 w.r.t.","40in40/40in160 w.r.t. 40in40/80in160 w.r.t. 80in80/40in160 - 40LL/UU w.r.t to 40LU/UL""",,
511,200,256,100,maxp5gb4/maxp2ga0,0x4854,2/5G Band ant0: Max Power subband4 (15:8) / Max Power (7:0),,,
512,202,257,101,pa2gb0w0a0,0x166e,2Ghz_subband0_PA_parameters_word0,,,
514,204,258,102,pa2gb0w1a0,0xc886,2Ghz_subband0_PA_parameters_word1,,,
516,206,259,103,pa2gb0w2a0,0x0c9c,2Ghz_subband0_PA_parameters_word2,,,
518,208,260,104,pa2gb0w3a0,0x2188,2Ghz_subband0_PA_parameters_word3,,,
520,20A,261,105,rxgains core0,0xbbbc,"upper 8 bits 5G, lower 2G. 8 bit definition – tr_elnabypass[7], tr_iso[6:3], elna_gain[2:0]",,,
522,20C,262,106,maxp5gb0/maxp5gb1,0x4848,5G Band ant0: Max power subband1 (15:8) / Max power subband0 (7:0),,,
524,20E,263,107,maxp5gb2/maxp5gb3,0x4848,5G Band ant0: Max power subband3 (15:8) / Max power subband2 (7:0),,,
526,210,264,108,pa5gb0w0a0,0x1a28,5Ghz_subband0_PA_parameters_word0,,,
528,212,265,109,pa5gb0w1a0,0xdb79,5Ghz_subband0_PA_parameters_word1,,,
530,214,266,10A,pa5gb0w2a0,0xf864,5Ghz_subband0_PA_parameters_word2,,,
532,216,267,10B,pa5gb0w3a0,0x18d0,5Ghz_subband0_PA_parameters_word3,,,
534,218,268,10C,pa5gb1w0a0,0x1a1a,5Ghz_subband1_PA_parameters_word0,,,
536,21A,269,10D,pa5gb1w1a0,0xdbfd,5Ghz_subband1_PA_parameters_word1,,,
538,21C,270,10E,pa5gb1w2a0,0xf812,5Ghz_subband1_PA_parameters_word2,,,
540,21E,271,10F,pa5gb1w3a0,0x17a1,5Ghz_subband1_PA_parameters_word3,,,
542,220,272,110,pa5gb2w0a0,0x1b42,5Ghz_subband2_PA_parameters_word0,,,
544,222,273,111,pa5gb2w1a0,0xd83e,5Ghz_subband2_PA_parameters_word1,,,
546,224,274,112,pa5gb2w2a0,0xf940,5Ghz_subband2_PA_parameters_word2,,,
548,226,275,113,pa5gb2w3a0,0x19de,5Ghz_subband2_PA_parameters_word3,,,
550,228,276,114,pa5gb3w0a0,0x1b42,5Ghz_subband3_PA_parameters_word0,,,
552,22A,277,115,pa5gb3w1a0,0xd83e,5Ghz_subband3_PA_parameters_word1,,,
554,22C,278,116,pa5gb3w2a0,0xf940,5Ghz_subband3_PA_parameters_word2,,,
556,22E,279,117,pa5gb3w3a0,0x19de,5Ghz_subband3_PA_parameters_word3,,,
558,230,280,118,pa5gb4w0a0,0x1c4f,5Ghz_subband4_PA_parameters_word0,,,
560,232,281,119,pa5gb4w1a0,0xd3c7,5Ghz_subband4_PA_parameters_word1,,,
562,234,282,11A,pa5gb4w2a0,0xfaf5,5Ghz_subband4_PA_parameters_word2,,,
564,236,283,11B,pa5gb4w3a0,0x1cf8,5Ghz_subband4_PA_parameters_word3,,,
566,238,284,11C,pa2g40b0w0a0,0xffff,2Ghz_subband0_PA_parameters_word0,,,
568,23A,285,11D,pa2g40b0w1a0,0xffff,2Ghz_subband0_PA_parameters_word1,,,
570,23C,286,11E,pa2g40b0w2a0,0xffff,2Ghz_subband0_PA_parameters_word2,,,
572,23E,287,11F,pa2g40b0w3a0,0xffff,2Ghz_subband0_PA_parameters_word3,,,
574,240,288,120,pa5g40b0w0a0,0x15d7,5Ghz_subband0_PA_parameters_word0,,,
576,242,289,121,pa5g40b0w1a0,0xfef7,5Ghz_subband0_PA_parameters_word1,,,
578,244,290,122,pa5g40b0w2a0,0xe8fe,5Ghz_subband0_PA_parameters_word2,,,
580,246,291,123,pa5g40b0w3a0,0x0fe6,5Ghz_subband0_PA_parameters_word3,,,
582,248,292,124,pa5g40b1w0a0,0x15d2,5Ghz_subband1_PA_parameters_word0,,,
584,24A,293,125,pa5g40b1w1a0,0x0000,5Ghz_subband1_PA_parameters_word1,,,
586,24C,294,126,pa5g40b1w2a0,0xe866,5Ghz_subband1_PA_parameters_word2,,,
588,24E,295,127,pa5g40b1w3a0,0x0e11,5Ghz_subband1_PA_parameters_word3,,,
590,250,296,128,pa5g40b2w0a0,0x16a1,5Ghz_subband2_PA_parameters_word0,,,
592,252,297,129,pa5g40b2w1a0,0xfeb9,5Ghz_subband2_PA_parameters_word1,,,
594,254,298,12A,pa5g40b2w2a0,0xe8b7,5Ghz_subband2_PA_parameters_word2,,,
596,256,299,12B,pa5g40b2w3a0,0x0ff9,5Ghz_subband2_PA_parameters_word3,,,
598,258,300,12C,pa5g40b3w0a0,0x16a1,5Ghz_subband3_PA_parameters_word0,,,
600,25A,301,12D,pa5g40b3w1a0,0xfeb9,5Ghz_subband3_PA_parameters_word1,,,
602,25C,302,12E,pa5g40b3w2a0,0xe8b7,5Ghz_subband3_PA_parameters_word2,,,
604,25E,303,12F,pa5g40b3w3a0,0x0ff9,5Ghz_subband3_PA_parameters_word3,,,
606,260,304,130,pa5g40b4w0a0,0x1704,5Ghz_subband4_PA_parameters_word0,,,
608,262,305,131,pa5g40b4w1a0,0xfef4,5Ghz_subband4_PA_parameters_word1,,,
610,264,306,132,pa5g40b4w2a0,0xe85e,5Ghz_subband4_PA_parameters_word2,,,
612,266,307,133,pa5g40b4w3a0,0x1027,5Ghz_subband4_PA_parameters_word3,,,
614,268,308,134,pa5g80b0w0a0,0x1752,5Ghz_subband0_PA_parameters_word0,,,
616,26A,309,135,pa5g80b0w1a0,0xefee,5Ghz_subband0_PA_parameters_word1,,,
618,26C,310,136,pa5g80b0w2a0,0xf011,5Ghz_subband0_PA_parameters_word2,,,
620,26E,311,137,pa5g80b0w3a0,0x158f,5Ghz_subband0_PA_parameters_word3,,,
622,270,312,138,pa5g80b1w0a0,0x172d,5Ghz_subband1_PA_parameters_word0,,,
624,272,313,139,pa5g80b1w1a0,0xf15a,5Ghz_subband1_PA_parameters_word1,,,
626,274,314,13A,pa5g80b1w2a0,0xef6d,5Ghz_subband1_PA_parameters_word2,,,
628,276,315,13B,pa5g80b1w3a0,0x14e7,5Ghz_subband1_PA_parameters_word3,,,
630,278,316,13C,pa5g80b2w0a0,0x181f,5Ghz_subband2_PA_parameters_word0,,,
632,27A,317,13D,pa5g80b2w1a0,0xef93,5Ghz_subband2_PA_parameters_word1,,,
634,27C,318,13E,pa5g80b2w2a0,0xefd2,5Ghz_subband2_PA_parameters_word2,,,
636,27E,319,13F,pa5g80b2w3a0,0x15d7,5Ghz_subband2_PA_parameters_word3,,,
638,280,320,140,pa5g80b3w0a0,0x181f,5Ghz_subband3_PA_parameters_word0,,,
640,282,321,141,pa5g80b3w1a0,0xef93,5Ghz_subband3_PA_parameters_word1,,,
642,284,322,142,pa5g80b3w2a0,0xefd2,5Ghz_subband3_PA_parameters_word2,,,
644,286,323,143,pa5g80b3w3a0,0x15d7,5Ghz_subband3_PA_parameters_word3,,,
646,288,324,144,pa5g80b4w0a0,0x18f2,5Ghz_subband4_PA_parameters_word0,,,
647,28A,325,145,pa5g80b4w1a0,0xec96,5Ghz_subband4_PA_parameters_word1,,,
648,28C,326,146,pa5g80b4w2a0,0xf0f6,5Ghz_subband4_PA_parameters_word2,,,
650,28E,327,147,pa5g80b4w3a0,0x18de,5Ghz_subband4_PA_parameters_word3,,,
652,290,328,148,maxp5gb4/maxp2ga1,0x4854,2/5G Band ant1: Max Power subband4 (15:8) / Max Power (7:0),,,
654,292,329,149,pa2gb0w0a1,0x1659,2Ghz_subband0_PA_parameters_word0,,,
656,294,330,14A,pa2gb0w1a1,0xc998,2Ghz_subband0_PA_parameters_word1,,,
658,296,331,14B,pa2gb0w2a1,0x0d7f,2Ghz_subband0_PA_parameters_word2,,,
660,298,332,14C,pa2gb0w3a1,0x21bf,2Ghz_subband0_PA_parameters_word3,,,
662,29A,333,14D,rxgains core1,0xbbbc,"upper 8 bits 5G, lower 2G. 8 bit definition – tr_elnabypass[7], tr_iso[6:3], elna_gain[2:0]",,,
664,29C,334,14E,maxp5gb0/maxp5gb1,0x4848,5G Band ant1: Max power subband1 (15:8) / Max power subband0 (7:0),,,
666,29E,335,14F,maxp5gb2/maxp5gb3,0x4848,5G Band ant1: Max power subband3 (15:8) / Max power subband2 (7:0),,,
668,2A0,336,150,pa5gb0w0a1,0x1aa6,5Ghz_subband0_PA_parameters_word0,,,
670,2A2,337,151,pa5gb0w1a1,0xd8c1,5Ghz_subband0_PA_parameters_word1,,,
672,2A4,338,152,pa5gb0w2a1,0xfa06,5Ghz_subband0_PA_parameters_word2,,,
674,2A6,339,153,pa5gb0w3a1,0x1d01,5Ghz_subband0_PA_parameters_word3,,,
676,2A8,340,154,pa5gb1w0a1,0x1ad5,5Ghz_subband1_PA_parameters_word0,,,
678,2AA,341,155,pa5gb1w1a1,0xd839,5Ghz_subband1_PA_parameters_word1,,,
680,2AC,342,156,pa5gb1w2a1,0xfa22,5Ghz_subband1_PA_parameters_word2,,,
682,2AE,343,157,pa5gb1w3a1,0x1d09,5Ghz_subband1_PA_parameters_word3,,,
684,2B0,344,158,pa5gb2w0a1,0x1bdb,5Ghz_subband2_PA_parameters_word0,,,
686,2B2,345,159,pa5gb2w1a1,0xd54d,5Ghz_subband2_PA_parameters_word1,,,
688,2B4,346,15A,pa5gb2w2a1,0xfb09,5Ghz_subband2_PA_parameters_word2,,,
690,2B6,347,15B,pa5gb2w3a1,0x1e92,5Ghz_subband2_PA_parameters_word3,,,
692,2B8,348,15C,pa5gb3w0a1,0x1bdb,5Ghz_subband3_PA_parameters_word0,,,
694,2BA,349,15D,pa5gb3w1a1,0xd54d,5Ghz_subband3_PA_parameters_word1,,,
696,2BC,350,15E,pa5gb3w2a1,0xfb09,5Ghz_subband3_PA_parameters_word2,,,
698,2BE,351,15F,pa5gb3w3a1,0x1e92,5Ghz_subband3_PA_parameters_word3,,,
700,2C0,352,160,pa5gb4w0a1,0x1c9f,5Ghz_subband4_PA_parameters_word0,,,
702,2C2,353,161,pa5gb4w1a1,0xd368,5Ghz_subband4_PA_parameters_word1,,,
704,2C4,354,162,pa5gb4w2a1,0xfba2,5Ghz_subband4_PA_parameters_word2,,,
706,2C6,355,163,pa5gb4w3a1,0x2051,5Ghz_subband4_PA_parameters_word3,,,
708,2C8,356,164,pa2g40b0w0a1,0xffff,2Ghz_subband0_PA_parameters_word0,,,
710,2CA,357,165,pa2g40b0w1a1,0xffff,2Ghz_subband0_PA_parameters_word1,,,
712,2CC,358,166,pa2g40b0w2a1,0xffff,2Ghz_subband0_PA_parameters_word2,,,
714,2CE,359,167,pa2g40b0w3a1,0xffff,2Ghz_subband0_PA_parameters_word3,,,
716,2D0,360,168,pa5g40b0w0a1,0x17fa,5Ghz_subband0_PA_parameters_word0,,,
718,2D2,361,169,pa5g40b0w1a1,0xf19f,5Ghz_subband0_PA_parameters_word1,,,
720,2D4,362,16A,pa5g40b0w2a1,0xef74,5Ghz_subband0_PA_parameters_word2,,,
722,2D6,363,16B,pa5g40b0w3a1,0x1d2c,5Ghz_subband0_PA_parameters_word3,,,
724,2D8,364,16C,pa5g40b1w0a1,0x1794,5Ghz_subband1_PA_parameters_word0,,,
726,2DA,365,16D,pa5g40b1w1a1,0xf571,5Ghz_subband1_PA_parameters_word1,,,
728,2DC,366,16E,pa5g40b1w2a1,0xeda9,5Ghz_subband1_PA_parameters_word2,,,
730,2DE,367,16F,pa5g40b1w3a1,0x1a6c,5Ghz_subband1_PA_parameters_word3,,,
732,2E0,368,170,pa5g40b2w0a1,0x16e2,5Ghz_subband2_PA_parameters_word0,,,
734,2E2,369,171,pa5g40b2w1a1,0xfe7d,5Ghz_subband2_PA_parameters_word1,,,
736,2E4,370,172,pa5g40b2w2a1,0xe934,5Ghz_subband2_PA_parameters_word2,,,
738,2E6,371,173,pa5g40b2w3a1,0x1196,5Ghz_subband2_PA_parameters_word3,,,
740,2E8,372,174,pa5g40b3w0a1,0x16e2,5Ghz_subband3_PA_parameters_word0,,,
742,2EA,373,175,pa5g40b3w1a1,0xfe7d,5Ghz_subband3_PA_parameters_word1,,,
744,2EC,374,176,pa5g40b3w2a1,0xe934,5Ghz_subband3_PA_parameters_word2,,,
746,2EE,375,177,pa5g40b3w3a1,0x1196,5Ghz_subband3_PA_parameters_word3,,,
748,2F0,376,178,pa5g40b4w0a1,0x17fa,5Ghz_subband4_PA_parameters_word0,,,
750,2F2,377,179,pa5g40b4w1a1,0xf9b0,5Ghz_subband4_PA_parameters_word1,,,
752,2F4,378,17A,pa5g40b4w2a1,0xeb65,5Ghz_subband4_PA_parameters_word2,,,
754,2F6,379,17B,pa5g40b4w3a1,0x17e8,5Ghz_subband4_PA_parameters_word3,,,
756,2F8,380,17C,pa5g80b0w0a1,0x17d0,5Ghz_subband0_PA_parameters_word0,,,
758,2FA,381,17D,pa5g80b0w1a1,0xee2d,5Ghz_subband0_PA_parameters_word1,,,
760,2FC,382,17E,pa5g80b0w2a1,0xf124,5Ghz_subband0_PA_parameters_word2,,,
762,2FE,383,17F,pa5g80b0w3a1,0x18c6,5Ghz_subband0_PA_parameters_word3,,,
764,300,384,180,pa5g80b1w0a1,0x17d9,5Ghz_subband1_PA_parameters_word0,,,
766,302,385,181,pa5g80b1w1a1,0xee38,5Ghz_subband1_PA_parameters_word1,,,
768,304,386,182,pa5g80b1w2a1,0xf11a,5Ghz_subband1_PA_parameters_word2,,,
770,306,387,183,pa5g80b1w3a1,0x18b4,5Ghz_subband1_PA_parameters_word3,,,
772,308,388,184,pa5g80b2w0a1,0x1898,5Ghz_subband2_PA_parameters_word0,,,
774,30A,389,185,pa5g80b2w1a1,0xeda3,5Ghz_subband2_PA_parameters_word1,,,
776,30C,390,186,pa5g80b2w2a1,0xf10e,5Ghz_subband2_PA_parameters_word2,,,
778,30E,391,187,pa5g80b2w3a1,0x1918,5Ghz_subband2_PA_parameters_word3,,,
780,310,392,188,pa5g80b3w0a1,0x1898,5Ghz_subband3_PA_parameters_word0,,,
782,312,393,189,pa5g80b3w1a1,0xeda3,5Ghz_subband3_PA_parameters_word1,,,
783,314,394,18A,pa5g80b3w2a1,0xf10e,5Ghz_subband3_PA_parameters_word2,,,
784,316,395,18B,pa5g80b3w3a1,0x1918,5Ghz_subband3_PA_parameters_word3,,,
786,318,396,18C,pa5g80b4w0a1,0x191f,5Ghz_subband4_PA_parameters_word0,,,
788,31A,397,18D,pa5g80b4w1a1,0xeca9,5Ghz_subband4_PA_parameters_word1,,,
790,31C,398,18E,pa5g80b4w2a1,0xf171,5Ghz_subband4_PA_parameters_word2,,,
792,31E,399,18F,pa5g80b4w3a1,0x1bdf,5Ghz_subband4_PA_parameters_word3,,,
794,320,400,190,maxp5gb4/maxp2ga2,0x4854,2/5G Band ant2: Max Power subband4 (15:8) / Max Power (7:0),,,
796,322,401,191,pa2gb0w0a2,0x1665,2Ghz_subband0_PA_parameters_word0,,,
798,324,402,192,pa2gb0w1a2,0xc964,2Ghz_subband0_PA_parameters_word1,,,
800,326,403,193,pa2gb0w2a2,0x0dcd,2Ghz_subband0_PA_parameters_word2,,,
802,328,404,194,pa2gb0w3a2,0x21d2,2Ghz_subband0_PA_parameters_word3,,,
804,32A,405,195,rxgains core2,0xbbbc,"upper 8 bits 5G, lower 2G. 8 bit definition – tr_elnabypass[7], tr_iso[6:3], elna_gain[2:0]",,,
806,32C,406,196,maxp5gb0/maxp5gb1,0x4848,5G Band ant2: Max power subband1 (15:8) / Max power subband0 (7:0),,,
808,32E,407,197,maxp5gb2/maxp5gb3,0x4848,5G Band ant2: Max power subband3 (15:8) / Max power subband2 (7:0),,,
810,330,408,198,pa5gb0w0a2,0x19c2,5Ghz_subband0_PA_parameters_word0,,,
812,332,409,199,pa5gb0w1a2,0xdc3b,5Ghz_subband0_PA_parameters_word1,,,
814,334,410,19A,pa5gb0w2a2,0xf86a,5Ghz_subband0_PA_parameters_word2,,,
816,336,411,19B,pa5gb0w3a2,0x19e1,5Ghz_subband0_PA_parameters_word3,,,
818,338,412,19C,pa5gb1w0a2,0x19e5,5Ghz_subband1_PA_parameters_word0,,,
820,33A,413,19D,pa5gb1w1a2,0xdbfe,5Ghz_subband1_PA_parameters_word1,,,
822,33C,414,19E,pa5gb1w2a2,0xf860,5Ghz_subband1_PA_parameters_word2,,,
824,33E,415,19F,pa5gb1w3a2,0x1932,5Ghz_subband1_PA_parameters_word3,,,
826,340,416,1A0,pa5gb2w0a2,0x1b00,5Ghz_subband2_PA_parameters_word0,,,
828,342,417,1A1,pa5gb2w1a2,0xd87b,5Ghz_subband2_PA_parameters_word1,,,
830,344,418,1A2,pa5gb2w2a2,0xf96b,5Ghz_subband2_PA_parameters_word2,,,
832,346,419,1A3,pa5gb2w3a2,0x1ac5,5Ghz_subband2_PA_parameters_word3,,,
834,348,420,1A4,pa5gb3w0a2,0x1b00,5Ghz_subband3_PA_parameters_word0,,,
836,34A,421,1A5,pa5gb3w1a2,0xd87b,5Ghz_subband3_PA_parameters_word1,,,
838,34C,422,1A6,pa5gb3w2a2,0xf96b,5Ghz_subband3_PA_parameters_word2,,,
840,34E,423,1A7,pa5gb4w3a2,0x1ac5,5Ghz_subband3_PA_parameters_word3,,,
842,350,424,1A8,pa5gb4w0a2,0x1bf3,5Ghz_subband4_PA_parameters_word0,,,
844,352,425,1A9,pa5gb4w1a2,0xd506,5Ghz_subband4_PA_parameters_word1,,,
846,354,426,1AA,pa5gb4w2a2,0xfac4,5Ghz_subband4_PA_parameters_word2,,,
848,356,427,1AB,pa5gb4w3a2,0x1db9,5Ghz_subband4_PA_parameters_word3,,,
850,358,428,1AC,pa2g40b0w0a2,0xffff,2Ghz_subband0_PA_parameters_word0,,,
852,35A,429,1AD,pa2g40b0w1a2,0xffff,2Ghz_subband0_PA_parameters_word1,,,
854,35C,430,1AE,pa2g40b0w2a2,0xffff,2Ghz_subband0_PA_parameters_word2,,,
856,35E,431,1AF,pa2g40b0w3a2,0xffff,2Ghz_subband0_PA_parameters_word3,,,
858,360,432,1B0,pa5g40b0w0a2,0x15b4,5Ghz_subband0_PA_parameters_word0,,,
860,362,433,1B1,pa5g40b0w1a2,0xff48,5Ghz_subband0_PA_parameters_word1,,,
862,364,434,1B2,pa5g40b0w2a2,0xe8e4,5Ghz_subband0_PA_parameters_word2,,,
864,366,435,1B3,pa5g40b0w3a2,0x0e9e,5Ghz_subband0_PA_parameters_word3,,,
866,368,436,1B4,pa5g40b1w0a2,0x15b1,5Ghz_subband1_PA_parameters_word0,,,
868,36A,437,1B5,pa5g40b1w1a2,0xffff,5Ghz_subband1_PA_parameters_word1,,,
870,36C,438,1B6,pa5g40b1w2a2,0xe881,5Ghz_subband1_PA_parameters_word2,,,
872,36E,439,1B7,pa5g40b1w3a2,0x0dd5,5Ghz_subband1_PA_parameters_word3,,,
874,370,440,1B8,pa5g40b2w0a2,0x167b,5Ghz_subband2_PA_parameters_word0,,,
876,372,441,1B9,pa5g40b2w1a2,0xfe97,5Ghz_subband2_PA_parameters_word1,,,
878,374,442,1BA,pa5g40b2w2a2,0xe8f9,5Ghz_subband2_PA_parameters_word2,,,
880,376,443,1BB,pa5g40b2w3a2,0x107f,5Ghz_subband2_PA_parameters_word3,,,
882,378,444,1BC,pa5g40b3w0a2,0x167b,5Ghz_subband3_PA_parameters_word0,,,
884,37A,445,1BD,pa5g40b3w1a2,0xfe97,5Ghz_subband3_PA_parameters_word1,,,
886,37C,446,1BE,pa5g40b3w2a2,0xe8f9,5Ghz_subband3_PA_parameters_word2,,,
888,37E,447,1BF,pa5g40b3w3a2,0x107f,5Ghz_subband3_PA_parameters_word3,,,
890,380,448,1C0,pa5g40b4w0a2,0x1707,5Ghz_subband4_PA_parameters_word0,,,
892,382,449,1C1,pa5g40b4w1a2,0xfe33,5Ghz_subband4_PA_parameters_word1,,,
894,384,450,1C2,pa5g40b4w2a2,0xe8ee,5Ghz_subband4_PA_parameters_word2,,,
896,386,451,1C3,pa5g40b4w3a2,0x1191,5Ghz_subband4_PA_parameters_word3,,,
898,388,452,1C4,pa5g80b0w0a2,0x16d6,5Ghz_subband0_PA_parameters_word0,,,
900,38A,453,1C5,pa5g80b0w1a2,0xf227,5Ghz_subband0_PA_parameters_word1,,,
902,38C,454,1C6,pa5g80b0w2a2,0xef36,5Ghz_subband0_PA_parameters_word2,,,
904,38E,455,1C7,pa5g80b0w3a2,0x13c9,5Ghz_subband0_PA_parameters_word3,,,
906,390,456,1C8,pa5g80b1w0a2,0x1708,5Ghz_subband1_PA_parameters_word0,,,
908,392,457,1C9,pa5g80b1w1a2,0xf1a7,5Ghz_subband1_PA_parameters_word1,,,
910,394,458,1CA,pa5g80b1w2a2,0xef8a,5Ghz_subband1_PA_parameters_word2,,,
912,396,459,1CB,pa5g80b1w3a2,0x1606,5Ghz_subband1_PA_parameters_word3,,,
914,398,460,1CC,pa5g80b2w0a2,0x17f5,5Ghz_subband2_PA_parameters_word0,,,
916,39A,461,1CD,pa5g80b2w1a2,0xef7d,5Ghz_subband2_PA_parameters_word1,,,
918,39C,462,1CE,pa5g80b2w2a2,0xf027,5Ghz_subband2_PA_parameters_word2,,,
920,39E,463,1CF,pa5g80b2w3a2,0x17ba,5Ghz_subband2_PA_parameters_word3,,,
922,3A0,464,1D0,pa5g80b3w0a2,0x17f5,5Ghz_subband3_PA_parameters_word0,,,
924,3A2,465,1D1,pa5g80b3w1a2,0xef7d,5Ghz_subband3_PA_parameters_word1,,,
926,3A4,466,1D2,pa5g80b3w2a2,0xf027,5Ghz_subband3_PA_parameters_word2,,,
928,3A6,467,1D3,pa5g80b0w3a2,0x17ba,5Ghz_subband3_PA_parameters_word3,,,
930,3A8,468,1D4,pa5g80b4w0a2,0x18b2,5Ghz_subband4_PA_parameters_word0,,,
932,3AA,469,1D5,pa5g80b4w1a2,0xed39,5Ghz_subband4_PA_parameters_word1,,,
934,3AC,470,1D6,pa5g80b4w2a2,0xf106,5Ghz_subband4_PA_parameters_word2,,,
936,3AE,471,1D7,pa5g80b4w3a2,0x1aa9,5Ghz_subband4_PA_parameters_word3,,,
938,4B0,472,1D8,pdoffset2gcck,0xffff,"20 MHz PD offset: 2Gsubband0, A3, A2, A1, A0 (1/4 dB steps per antenna)",,,
940,4B2,473,1D9,pdoffset20m5gb0,0xffff,"20 MHz PD offset: subband0, A3, A2, A1, A0 (1/4 dB steps per antenna)",,,
942,4B4,474,1DA,pdoffset20m5gb1,0xffff,"20 MHz PD offset: subband1, A3, A2, A1, A0 (1/4 dB steps per antenna)",,,
944,4B6,475,1DB,pdoffset20m5gb2,0xffff,"20 MHz PD offset: subband2, A3, A2, A1, A0 (1/4 dB steps per antenna)",,,
946,4B8,476,1DC,pdoffset20m5gb3,0xffff,"20 MHz PD offset: subband3, A3, A2, A1, A0 (1/4 dB steps per antenna)",,,
948,4BA,477,1DD,pdoffset20m5gb4,0xffff,"20 MHz PD offset: subband4, A3, A2, A1, A0 (1/4 dB steps per antenna)",,,
950,4BC,478,1DE,pdoffset40m5gb0,0xffff,"40 MHz PD offset: subband0, A3, A2, A1, A0 (1/4 dB steps per antenna)",,,
952,4BE,479,1DF,pdoffset40m5gb1,0xffff,"40 MHz PD offset: subband1, A3, A2, A1, A0 (1/4 dB steps per antenna)",,,
954,4C0,480,1E0,pdoffset40m5gb2,0xffff,"40 MHz PD offset: subband2, A3, A2, A1, A0 (1/4 dB steps per antenna)",,,
956,4C2,481,1E1,pdoffset40m5gb3,0xffff,"40 MHz PD offset: subband3, A3, A2, A1, A0 (1/4 dB steps per antenna)",,,
958,4C4,482,1E2,pdoffset40m5gb4,0xffff,"40 MHz PD offset: subband4, A3, A2, A1, A0 (1/4 dB steps per antenna)",,,
960,4C6,483,1E3,reserved, 0xffff  ,,,,
962,4C8,484,1E4,reserved, 0xffff  ,,,,
964,4D0,485,1E5,reserved, 0xffff  ,,,,
966,4D2,486,1E6,reserved, 0xffff  ,,,,
968,4D4,487,1E7,reserved, 0xffff  ,,,,
970,4D6,488,1E8,reserved, 0xffff  ,,,,
972,4D8,489,1E9,reserved, 0xffff  ,,,,
974,4DA,490,1EA,reserved, 0xffff  ,,,,
976,4DC,491,1EB,reserved, 0xffff  ,,,,
978,4DE,492,1EC,reserved, 0xffff  ,,,,
980,4E0,493,1ED,reserved, 0xffff  ,,,,
982,4E2,494,1EE,reserved, 0xffff  ,,,,
984,4E4,495,1EF,reserved, 0xffff  ,,,,
986,4E6,496,1F0,reserved, 0xffff  ,,,,
988,4E8,497,1F1,reserved, 0xffff  ,,,,
990,4EA,498,1F2,reserved, 0xffff  ,,,,
992,4EC,499,1F3,reserved, 0xffff  ,,,,
994,4EE,500,1F4,reserved, 0xffff  ,,,,
996,4F0,501,1F5,reserved, 0xffff  ,,,,
998,4F2,502,1F6,reserved, 0xffff  ,,,,
1000,4F4,503,1F7,reserved, 0xffff  ,,,,
1002,4F6,504,1F8,reserved, 0xffff  ,,,,
1004,4F8,505,1F9,reserved, 0xffff  ,,,,
1006,4FA,506,1FA,reserved, 0xffff  ,,,,
1008,4FC,507,1FB,reserved, 0xffff  ,,,,
1010,4FE,508,1FC,reserved, 0xffff  ,,,,
1012,500,509,1FD,reserved, 0xffff  ,,,,
1014,502,510,1FE,reserved, 0xffff  ,,,,
1016,504,511,1FF,sromrev,0xXX0c,"7:0 Srom revision, 15:8 CRC (rev 12)",,,
